ISO-10303-21;
HEADER;
/* Generated by software containing ST-Developer
 * from STEP Tools, Inc. (www.steptools.com) 
 */

FILE_DESCRIPTION(
/* description */ (''),
/* implementation_level */ '2;1');

FILE_NAME(
/* name */ 'SKY13317-373LF.step',
/* time_stamp */ '2026-01-18T21:32:57+08:00',
/* author */ (''),
/* organization */ (''),
/* preprocessor_version */ 'ST-DEVELOPER v20.1',
/* originating_system */ 'Autodesk Translation Framework v14.21.0.0',
/* authorisation */ '');

FILE_SCHEMA (('AUTOMOTIVE_DESIGN { 1 0 10303 214 3 1 1 }'));
ENDSEC;

DATA;
#10=MECHANICAL_DESIGN_GEOMETRIC_PRESENTATION_REPRESENTATION('',(#13,#14,
#15,#16,#17,#18,#19,#20,#21,#22),#4768);
#11=SHAPE_REPRESENTATION_RELATIONSHIP('SRR','None',#4775,#12);
#12=ADVANCED_BREP_SHAPE_REPRESENTATION('',(#23,#24,#25,#26,#27,#28,#29,
#30,#31,#32),#4767);
#13=STYLED_ITEM('',(#4784),#23);
#14=STYLED_ITEM('',(#4785),#24);
#15=STYLED_ITEM('',(#4785),#25);
#16=STYLED_ITEM('',(#4785),#26);
#17=STYLED_ITEM('',(#4785),#27);
#18=STYLED_ITEM('',(#4785),#28);
#19=STYLED_ITEM('',(#4785),#29);
#20=STYLED_ITEM('',(#4785),#30);
#21=STYLED_ITEM('',(#4785),#31);
#22=STYLED_ITEM('',(#4785),#32);
#23=MANIFOLD_SOLID_BREP('\X2\5B9E4F53\X0\1',#2867);
#24=MANIFOLD_SOLID_BREP('\X2\5B9E4F53\X0\2',#2868);
#25=MANIFOLD_SOLID_BREP('\X2\5B9E4F53\X0\3',#2869);
#26=MANIFOLD_SOLID_BREP('\X2\5B9E4F53\X0\4',#2870);
#27=MANIFOLD_SOLID_BREP('\X2\5B9E4F53\X0\5',#2871);
#28=MANIFOLD_SOLID_BREP('\X2\5B9E4F53\X0\6',#2872);
#29=MANIFOLD_SOLID_BREP('\X2\5B9E4F53\X0\7',#2873);
#30=MANIFOLD_SOLID_BREP('\X2\5B9E4F53\X0\8',#2874);
#31=MANIFOLD_SOLID_BREP('\X2\5B9E4F53\X0\9',#2875);
#32=MANIFOLD_SOLID_BREP('\X2\5B9E4F53\X0\10',#2876);
#33=FACE_BOUND('',#383,.T.);
#34=CIRCLE('',#2893,0.0499999999999989);
#35=CIRCLE('',#2894,0.0499999999999989);
#36=CIRCLE('',#2897,0.0499999999999989);
#37=CIRCLE('',#2898,0.0499999999999989);
#38=CIRCLE('',#2903,0.0499999999999989);
#39=CIRCLE('',#2904,0.0499999999999989);
#40=CIRCLE('',#2907,0.0499999999999989);
#41=CIRCLE('',#2908,0.0499999999999989);
#42=CIRCLE('',#2912,0.0499999999999991);
#43=CIRCLE('',#2913,0.0499999999999989);
#44=CIRCLE('',#2915,0.0499999999999991);
#45=CIRCLE('',#2918,0.0499999999999989);
#46=CIRCLE('',#2921,0.0499999999999989);
#47=CIRCLE('',#2922,0.0499999999999989);
#48=CIRCLE('',#2926,0.0499999999999989);
#49=CIRCLE('',#2927,0.0499999999999989);
#50=CIRCLE('',#2932,0.0499999999999989);
#51=CIRCLE('',#2933,0.0499999999999989);
#52=CIRCLE('',#2937,0.0499999999999989);
#53=CIRCLE('',#2938,0.0499999999999989);
#54=CIRCLE('',#2942,0.0499999999999989);
#55=CIRCLE('',#2943,0.0499999999999989);
#56=CIRCLE('',#2947,0.0499999999999989);
#57=CIRCLE('',#2948,0.0499999999999989);
#58=CIRCLE('',#2955,0.05);
#59=CIRCLE('',#2956,0.05);
#60=CIRCLE('',#2959,0.05);
#61=CIRCLE('',#2960,0.05);
#62=CIRCLE('',#2967,0.05);
#63=CIRCLE('',#2968,0.05);
#64=CIRCLE('',#2976,0.0499999999999989);
#65=CIRCLE('',#2977,0.0499999999999989);
#66=CIRCLE('',#2980,0.0499999999999989);
#67=CIRCLE('',#2981,0.0499999999999989);
#68=CIRCLE('',#2986,0.0499999999999989);
#69=CIRCLE('',#2987,0.0499999999999989);
#70=CIRCLE('',#2990,0.0499999999999989);
#71=CIRCLE('',#2991,0.0499999999999989);
#72=CIRCLE('',#2994,0.0500000000000003);
#73=CIRCLE('',#2995,0.0499999999999998);
#74=CIRCLE('',#2996,0.0499999999999999);
#75=CIRCLE('',#2997,0.05);
#76=CIRCLE('',#3000,0.0500000000000003);
#77=CIRCLE('',#3003,0.0499999999999998);
#78=CIRCLE('',#3006,0.0499999999999999);
#79=CIRCLE('',#3009,0.05);
#80=CIRCLE('',#3015,0.0499999999999989);
#81=CIRCLE('',#3016,0.0499999999999989);
#82=CIRCLE('',#3019,0.0499999999999989);
#83=CIRCLE('',#3020,0.0499999999999989);
#84=CIRCLE('',#3027,0.0499999999999989);
#85=CIRCLE('',#3028,0.0499999999999989);
#86=CIRCLE('',#3031,0.0499999999999989);
#87=CIRCLE('',#3032,0.0499999999999989);
#88=CIRCLE('',#3037,0.0499999999999991);
#89=CIRCLE('',#3038,0.0499999999999991);
#90=CIRCLE('',#3041,0.0499999999999989);
#91=CIRCLE('',#3042,0.0499999999999989);
#92=CIRCLE('',#3048,0.0499999999999989);
#93=CIRCLE('',#3049,0.0499999999999989);
#94=CIRCLE('',#3054,0.0499999999999989);
#95=CIRCLE('',#3055,0.0499999999999989);
#96=CIRCLE('',#3061,0.0499999999999989);
#97=CIRCLE('',#3062,0.0499999999999989);
#98=CIRCLE('',#3067,0.0499999999999989);
#99=CIRCLE('',#3068,0.0499999999999989);
#100=CIRCLE('',#3073,0.0499999999999989);
#101=CIRCLE('',#3074,0.0499999999999989);
#102=CIRCLE('',#3079,0.0499999999999989);
#103=CIRCLE('',#3080,0.0499999999999989);
#104=CIRCLE('',#3088,0.05);
#105=CIRCLE('',#3089,0.05);
#106=CIRCLE('',#3092,0.05);
#107=CIRCLE('',#3093,0.05);
#108=CIRCLE('',#3100,0.05);
#109=CIRCLE('',#3101,0.05);
#110=CIRCLE('',#3111,0.0499999999999989);
#111=CIRCLE('',#3112,0.0499999999999989);
#112=CIRCLE('',#3115,0.0499999999999989);
#113=CIRCLE('',#3116,0.0499999999999989);
#114=CIRCLE('',#3123,0.0499999999999989);
#115=CIRCLE('',#3124,0.0499999999999989);
#116=CIRCLE('',#3127,0.0499999999999989);
#117=CIRCLE('',#3128,0.0499999999999989);
#118=CYLINDRICAL_SURFACE('',#2892,0.0499999999999989);
#119=CYLINDRICAL_SURFACE('',#2896,0.0499999999999989);
#120=CYLINDRICAL_SURFACE('',#2902,0.0499999999999989);
#121=CYLINDRICAL_SURFACE('',#2906,0.0499999999999989);
#122=CYLINDRICAL_SURFACE('',#2914,0.0499999999999991);
#123=CYLINDRICAL_SURFACE('',#2917,0.0499999999999989);
#124=CYLINDRICAL_SURFACE('',#2920,0.0499999999999989);
#125=CYLINDRICAL_SURFACE('',#2925,0.0499999999999989);
#126=CYLINDRICAL_SURFACE('',#2931,0.0499999999999989);
#127=CYLINDRICAL_SURFACE('',#2936,0.0499999999999989);
#128=CYLINDRICAL_SURFACE('',#2941,0.0499999999999989);
#129=CYLINDRICAL_SURFACE('',#2946,0.0499999999999989);
#130=CYLINDRICAL_SURFACE('',#2954,0.05);
#131=CYLINDRICAL_SURFACE('',#2958,0.05);
#132=CYLINDRICAL_SURFACE('',#2966,0.05);
#133=CYLINDRICAL_SURFACE('',#2975,0.0499999999999989);
#134=CYLINDRICAL_SURFACE('',#2979,0.0499999999999989);
#135=CYLINDRICAL_SURFACE('',#2985,0.0499999999999989);
#136=CYLINDRICAL_SURFACE('',#2989,0.0499999999999989);
#137=CYLINDRICAL_SURFACE('',#2999,0.0500000000000003);
#138=CYLINDRICAL_SURFACE('',#3002,0.0499999999999998);
#139=CYLINDRICAL_SURFACE('',#3005,0.0499999999999999);
#140=CYLINDRICAL_SURFACE('',#3008,0.05);
#141=CYLINDRICAL_SURFACE('',#3014,0.0499999999999989);
#142=CYLINDRICAL_SURFACE('',#3018,0.0499999999999989);
#143=CYLINDRICAL_SURFACE('',#3026,0.0499999999999989);
#144=CYLINDRICAL_SURFACE('',#3030,0.0499999999999989);
#145=CYLINDRICAL_SURFACE('',#3036,0.0499999999999991);
#146=CYLINDRICAL_SURFACE('',#3040,0.0499999999999989);
#147=CYLINDRICAL_SURFACE('',#3047,0.0499999999999989);
#148=CYLINDRICAL_SURFACE('',#3053,0.0499999999999989);
#149=CYLINDRICAL_SURFACE('',#3060,0.0499999999999989);
#150=CYLINDRICAL_SURFACE('',#3066,0.0499999999999989);
#151=CYLINDRICAL_SURFACE('',#3072,0.0499999999999989);
#152=CYLINDRICAL_SURFACE('',#3078,0.0499999999999989);
#153=CYLINDRICAL_SURFACE('',#3087,0.05);
#154=CYLINDRICAL_SURFACE('',#3091,0.05);
#155=CYLINDRICAL_SURFACE('',#3099,0.05);
#156=CYLINDRICAL_SURFACE('',#3110,0.0499999999999989);
#157=CYLINDRICAL_SURFACE('',#3114,0.0499999999999989);
#158=CYLINDRICAL_SURFACE('',#3122,0.0499999999999989);
#159=CYLINDRICAL_SURFACE('',#3126,0.0499999999999989);
#160=FACE_OUTER_BOUND('',#317,.T.);
#161=FACE_OUTER_BOUND('',#318,.T.);
#162=FACE_OUTER_BOUND('',#319,.T.);
#163=FACE_OUTER_BOUND('',#320,.T.);
#164=FACE_OUTER_BOUND('',#321,.T.);
#165=FACE_OUTER_BOUND('',#322,.T.);
#166=FACE_OUTER_BOUND('',#323,.T.);
#167=FACE_OUTER_BOUND('',#324,.T.);
#168=FACE_OUTER_BOUND('',#325,.T.);
#169=FACE_OUTER_BOUND('',#326,.T.);
#170=FACE_OUTER_BOUND('',#327,.T.);
#171=FACE_OUTER_BOUND('',#328,.T.);
#172=FACE_OUTER_BOUND('',#329,.T.);
#173=FACE_OUTER_BOUND('',#330,.T.);
#174=FACE_OUTER_BOUND('',#331,.T.);
#175=FACE_OUTER_BOUND('',#332,.T.);
#176=FACE_OUTER_BOUND('',#333,.T.);
#177=FACE_OUTER_BOUND('',#334,.T.);
#178=FACE_OUTER_BOUND('',#335,.T.);
#179=FACE_OUTER_BOUND('',#336,.T.);
#180=FACE_OUTER_BOUND('',#337,.T.);
#181=FACE_OUTER_BOUND('',#338,.T.);
#182=FACE_OUTER_BOUND('',#339,.T.);
#183=FACE_OUTER_BOUND('',#340,.T.);
#184=FACE_OUTER_BOUND('',#341,.T.);
#185=FACE_OUTER_BOUND('',#342,.T.);
#186=FACE_OUTER_BOUND('',#343,.T.);
#187=FACE_OUTER_BOUND('',#344,.T.);
#188=FACE_OUTER_BOUND('',#345,.T.);
#189=FACE_OUTER_BOUND('',#346,.T.);
#190=FACE_OUTER_BOUND('',#347,.T.);
#191=FACE_OUTER_BOUND('',#348,.T.);
#192=FACE_OUTER_BOUND('',#349,.T.);
#193=FACE_OUTER_BOUND('',#350,.T.);
#194=FACE_OUTER_BOUND('',#351,.T.);
#195=FACE_OUTER_BOUND('',#352,.T.);
#196=FACE_OUTER_BOUND('',#353,.T.);
#197=FACE_OUTER_BOUND('',#354,.T.);
#198=FACE_OUTER_BOUND('',#355,.T.);
#199=FACE_OUTER_BOUND('',#356,.T.);
#200=FACE_OUTER_BOUND('',#357,.T.);
#201=FACE_OUTER_BOUND('',#358,.T.);
#202=FACE_OUTER_BOUND('',#359,.T.);
#203=FACE_OUTER_BOUND('',#360,.T.);
#204=FACE_OUTER_BOUND('',#361,.T.);
#205=FACE_OUTER_BOUND('',#362,.T.);
#206=FACE_OUTER_BOUND('',#363,.T.);
#207=FACE_OUTER_BOUND('',#364,.T.);
#208=FACE_OUTER_BOUND('',#365,.T.);
#209=FACE_OUTER_BOUND('',#366,.T.);
#210=FACE_OUTER_BOUND('',#367,.T.);
#211=FACE_OUTER_BOUND('',#368,.T.);
#212=FACE_OUTER_BOUND('',#369,.T.);
#213=FACE_OUTER_BOUND('',#370,.T.);
#214=FACE_OUTER_BOUND('',#371,.T.);
#215=FACE_OUTER_BOUND('',#372,.T.);
#216=FACE_OUTER_BOUND('',#373,.T.);
#217=FACE_OUTER_BOUND('',#374,.T.);
#218=FACE_OUTER_BOUND('',#375,.T.);
#219=FACE_OUTER_BOUND('',#376,.T.);
#220=FACE_OUTER_BOUND('',#377,.T.);
#221=FACE_OUTER_BOUND('',#378,.T.);
#222=FACE_OUTER_BOUND('',#379,.T.);
#223=FACE_OUTER_BOUND('',#380,.T.);
#224=FACE_OUTER_BOUND('',#381,.T.);
#225=FACE_OUTER_BOUND('',#382,.T.);
#226=FACE_OUTER_BOUND('',#384,.T.);
#227=FACE_OUTER_BOUND('',#385,.T.);
#228=FACE_OUTER_BOUND('',#386,.T.);
#229=FACE_OUTER_BOUND('',#387,.T.);
#230=FACE_OUTER_BOUND('',#388,.T.);
#231=FACE_OUTER_BOUND('',#389,.T.);
#232=FACE_OUTER_BOUND('',#390,.T.);
#233=FACE_OUTER_BOUND('',#391,.T.);
#234=FACE_OUTER_BOUND('',#392,.T.);
#235=FACE_OUTER_BOUND('',#393,.T.);
#236=FACE_OUTER_BOUND('',#394,.T.);
#237=FACE_OUTER_BOUND('',#395,.T.);
#238=FACE_OUTER_BOUND('',#396,.T.);
#239=FACE_OUTER_BOUND('',#397,.T.);
#240=FACE_OUTER_BOUND('',#398,.T.);
#241=FACE_OUTER_BOUND('',#399,.T.);
#242=FACE_OUTER_BOUND('',#400,.T.);
#243=FACE_OUTER_BOUND('',#401,.T.);
#244=FACE_OUTER_BOUND('',#402,.T.);
#245=FACE_OUTER_BOUND('',#403,.T.);
#246=FACE_OUTER_BOUND('',#404,.T.);
#247=FACE_OUTER_BOUND('',#405,.T.);
#248=FACE_OUTER_BOUND('',#406,.T.);
#249=FACE_OUTER_BOUND('',#407,.T.);
#250=FACE_OUTER_BOUND('',#408,.T.);
#251=FACE_OUTER_BOUND('',#409,.T.);
#252=FACE_OUTER_BOUND('',#410,.T.);
#253=FACE_OUTER_BOUND('',#411,.T.);
#254=FACE_OUTER_BOUND('',#412,.T.);
#255=FACE_OUTER_BOUND('',#413,.T.);
#256=FACE_OUTER_BOUND('',#414,.T.);
#257=FACE_OUTER_BOUND('',#415,.T.);
#258=FACE_OUTER_BOUND('',#416,.T.);
#259=FACE_OUTER_BOUND('',#417,.T.);
#260=FACE_OUTER_BOUND('',#418,.T.);
#261=FACE_OUTER_BOUND('',#419,.T.);
#262=FACE_OUTER_BOUND('',#420,.T.);
#263=FACE_OUTER_BOUND('',#421,.T.);
#264=FACE_OUTER_BOUND('',#422,.T.);
#265=FACE_OUTER_BOUND('',#423,.T.);
#266=FACE_OUTER_BOUND('',#424,.T.);
#267=FACE_OUTER_BOUND('',#425,.T.);
#268=FACE_OUTER_BOUND('',#426,.T.);
#269=FACE_OUTER_BOUND('',#427,.T.);
#270=FACE_OUTER_BOUND('',#428,.T.);
#271=FACE_OUTER_BOUND('',#429,.T.);
#272=FACE_OUTER_BOUND('',#430,.T.);
#273=FACE_OUTER_BOUND('',#431,.T.);
#274=FACE_OUTER_BOUND('',#432,.T.);
#275=FACE_OUTER_BOUND('',#433,.T.);
#276=FACE_OUTER_BOUND('',#434,.T.);
#277=FACE_OUTER_BOUND('',#435,.T.);
#278=FACE_OUTER_BOUND('',#436,.T.);
#279=FACE_OUTER_BOUND('',#437,.T.);
#280=FACE_OUTER_BOUND('',#438,.T.);
#281=FACE_OUTER_BOUND('',#439,.T.);
#282=FACE_OUTER_BOUND('',#440,.T.);
#283=FACE_OUTER_BOUND('',#441,.T.);
#284=FACE_OUTER_BOUND('',#442,.T.);
#285=FACE_OUTER_BOUND('',#443,.T.);
#286=FACE_OUTER_BOUND('',#444,.T.);
#287=FACE_OUTER_BOUND('',#445,.T.);
#288=FACE_OUTER_BOUND('',#446,.T.);
#289=FACE_OUTER_BOUND('',#447,.T.);
#290=FACE_OUTER_BOUND('',#448,.T.);
#291=FACE_OUTER_BOUND('',#449,.T.);
#292=FACE_OUTER_BOUND('',#450,.T.);
#293=FACE_OUTER_BOUND('',#451,.T.);
#294=FACE_OUTER_BOUND('',#452,.T.);
#295=FACE_OUTER_BOUND('',#453,.T.);
#296=FACE_OUTER_BOUND('',#454,.T.);
#297=FACE_OUTER_BOUND('',#455,.T.);
#298=FACE_OUTER_BOUND('',#456,.T.);
#299=FACE_OUTER_BOUND('',#457,.T.);
#300=FACE_OUTER_BOUND('',#458,.T.);
#301=FACE_OUTER_BOUND('',#459,.T.);
#302=FACE_OUTER_BOUND('',#460,.T.);
#303=FACE_OUTER_BOUND('',#461,.T.);
#304=FACE_OUTER_BOUND('',#462,.T.);
#305=FACE_OUTER_BOUND('',#463,.T.);
#306=FACE_OUTER_BOUND('',#464,.T.);
#307=FACE_OUTER_BOUND('',#465,.T.);
#308=FACE_OUTER_BOUND('',#466,.T.);
#309=FACE_OUTER_BOUND('',#467,.T.);
#310=FACE_OUTER_BOUND('',#468,.T.);
#311=FACE_OUTER_BOUND('',#469,.T.);
#312=FACE_OUTER_BOUND('',#470,.T.);
#313=FACE_OUTER_BOUND('',#471,.T.);
#314=FACE_OUTER_BOUND('',#472,.T.);
#315=FACE_OUTER_BOUND('',#473,.T.);
#316=FACE_OUTER_BOUND('',#474,.T.);
#317=EDGE_LOOP('',(#1787,#1788,#1789,#1790));
#318=EDGE_LOOP('',(#1791,#1792,#1793,#1794));
#319=EDGE_LOOP('',(#1795,#1796,#1797,#1798));
#320=EDGE_LOOP('',(#1799,#1800,#1801,#1802));
#321=EDGE_LOOP('',(#1803,#1804,#1805,#1806));
#322=EDGE_LOOP('',(#1807,#1808,#1809,#1810,#1811,#1812));
#323=EDGE_LOOP('',(#1813,#1814,#1815,#1816));
#324=EDGE_LOOP('',(#1817,#1818,#1819,#1820));
#325=EDGE_LOOP('',(#1821,#1822,#1823,#1824));
#326=EDGE_LOOP('',(#1825,#1826,#1827,#1828));
#327=EDGE_LOOP('',(#1829,#1830,#1831,#1832));
#328=EDGE_LOOP('',(#1833,#1834,#1835,#1836,#1837,#1838));
#329=EDGE_LOOP('',(#1839,#1840,#1841,#1842));
#330=EDGE_LOOP('',(#1843,#1844,#1845,#1846,#1847,#1848));
#331=EDGE_LOOP('',(#1849,#1850,#1851,#1852));
#332=EDGE_LOOP('',(#1853,#1854,#1855,#1856));
#333=EDGE_LOOP('',(#1857,#1858,#1859,#1860));
#334=EDGE_LOOP('',(#1861,#1862,#1863,#1864));
#335=EDGE_LOOP('',(#1865,#1866,#1867,#1868));
#336=EDGE_LOOP('',(#1869,#1870,#1871,#1872));
#337=EDGE_LOOP('',(#1873,#1874,#1875,#1876));
#338=EDGE_LOOP('',(#1877,#1878,#1879,#1880));
#339=EDGE_LOOP('',(#1881,#1882,#1883,#1884));
#340=EDGE_LOOP('',(#1885,#1886,#1887,#1888,#1889,#1890));
#341=EDGE_LOOP('',(#1891,#1892,#1893,#1894));
#342=EDGE_LOOP('',(#1895,#1896,#1897,#1898));
#343=EDGE_LOOP('',(#1899,#1900,#1901,#1902));
#344=EDGE_LOOP('',(#1903,#1904,#1905,#1906));
#345=EDGE_LOOP('',(#1907,#1908,#1909,#1910));
#346=EDGE_LOOP('',(#1911,#1912,#1913,#1914,#1915,#1916));
#347=EDGE_LOOP('',(#1917,#1918,#1919,#1920));
#348=EDGE_LOOP('',(#1921,#1922,#1923,#1924));
#349=EDGE_LOOP('',(#1925,#1926,#1927,#1928));
#350=EDGE_LOOP('',(#1929,#1930,#1931,#1932));
#351=EDGE_LOOP('',(#1933,#1934,#1935,#1936));
#352=EDGE_LOOP('',(#1937,#1938,#1939,#1940,#1941,#1942));
#353=EDGE_LOOP('',(#1943,#1944,#1945,#1946));
#354=EDGE_LOOP('',(#1947,#1948,#1949,#1950));
#355=EDGE_LOOP('',(#1951,#1952,#1953,#1954));
#356=EDGE_LOOP('',(#1955,#1956,#1957,#1958));
#357=EDGE_LOOP('',(#1959,#1960,#1961,#1962));
#358=EDGE_LOOP('',(#1963,#1964,#1965,#1966));
#359=EDGE_LOOP('',(#1967,#1968,#1969,#1970));
#360=EDGE_LOOP('',(#1971,#1972,#1973,#1974));
#361=EDGE_LOOP('',(#1975,#1976,#1977,#1978));
#362=EDGE_LOOP('',(#1979,#1980,#1981,#1982));
#363=EDGE_LOOP('',(#1983,#1984,#1985,#1986));
#364=EDGE_LOOP('',(#1987,#1988,#1989,#1990));
#365=EDGE_LOOP('',(#1991,#1992,#1993,#1994));
#366=EDGE_LOOP('',(#1995,#1996,#1997,#1998));
#367=EDGE_LOOP('',(#1999,#2000,#2001,#2002));
#368=EDGE_LOOP('',(#2003,#2004,#2005,#2006));
#369=EDGE_LOOP('',(#2007,#2008,#2009,#2010,#2011,#2012,#2013,#2014,#2015,
#2016,#2017,#2018,#2019,#2020,#2021,#2022));
#370=EDGE_LOOP('',(#2023,#2024,#2025,#2026));
#371=EDGE_LOOP('',(#2027,#2028,#2029,#2030));
#372=EDGE_LOOP('',(#2031,#2032,#2033,#2034));
#373=EDGE_LOOP('',(#2035,#2036,#2037,#2038));
#374=EDGE_LOOP('',(#2039,#2040,#2041,#2042));
#375=EDGE_LOOP('',(#2043,#2044,#2045,#2046,#2047,#2048));
#376=EDGE_LOOP('',(#2049,#2050,#2051,#2052));
#377=EDGE_LOOP('',(#2053,#2054,#2055,#2056));
#378=EDGE_LOOP('',(#2057,#2058,#2059,#2060));
#379=EDGE_LOOP('',(#2061,#2062,#2063,#2064));
#380=EDGE_LOOP('',(#2065,#2066,#2067,#2068));
#381=EDGE_LOOP('',(#2069,#2070,#2071,#2072,#2073,#2074));
#382=EDGE_LOOP('',(#2075,#2076,#2077,#2078,#2079,#2080,#2081,#2082,#2083,
#2084,#2085,#2086,#2087,#2088,#2089,#2090,#2091,#2092,#2093,#2094,#2095,
#2096,#2097,#2098,#2099,#2100,#2101,#2102,#2103,#2104,#2105,#2106,#2107,
#2108,#2109,#2110,#2111,#2112,#2113,#2114,#2115,#2116,#2117,#2118,#2119,
#2120,#2121,#2122,#2123,#2124,#2125,#2126));
#383=EDGE_LOOP('',(#2127,#2128,#2129,#2130,#2131,#2132,#2133,#2134,#2135,
#2136,#2137,#2138,#2139,#2140,#2141,#2142));
#384=EDGE_LOOP('',(#2143,#2144,#2145,#2146,#2147,#2148,#2149,#2150,#2151,
#2152,#2153,#2154,#2155,#2156,#2157,#2158));
#385=EDGE_LOOP('',(#2159,#2160,#2161,#2162,#2163));
#386=EDGE_LOOP('',(#2164,#2165,#2166,#2167));
#387=EDGE_LOOP('',(#2168,#2169,#2170,#2171,#2172));
#388=EDGE_LOOP('',(#2173,#2174,#2175,#2176,#2177,#2178,#2179,#2180,#2181,
#2182,#2183,#2184,#2185,#2186,#2187,#2188));
#389=EDGE_LOOP('',(#2189,#2190,#2191,#2192,#2193));
#390=EDGE_LOOP('',(#2194,#2195,#2196,#2197));
#391=EDGE_LOOP('',(#2198,#2199,#2200,#2201,#2202));
#392=EDGE_LOOP('',(#2203,#2204,#2205,#2206,#2207,#2208,#2209,#2210));
#393=EDGE_LOOP('',(#2211,#2212,#2213,#2214));
#394=EDGE_LOOP('',(#2215,#2216,#2217,#2218));
#395=EDGE_LOOP('',(#2219,#2220,#2221,#2222));
#396=EDGE_LOOP('',(#2223,#2224,#2225,#2226));
#397=EDGE_LOOP('',(#2227,#2228,#2229,#2230));
#398=EDGE_LOOP('',(#2231,#2232,#2233,#2234));
#399=EDGE_LOOP('',(#2235,#2236,#2237,#2238,#2239,#2240));
#400=EDGE_LOOP('',(#2241,#2242,#2243,#2244,#2245,#2246));
#401=EDGE_LOOP('',(#2247,#2248,#2249,#2250));
#402=EDGE_LOOP('',(#2251,#2252,#2253,#2254));
#403=EDGE_LOOP('',(#2255,#2256,#2257,#2258));
#404=EDGE_LOOP('',(#2259,#2260,#2261,#2262));
#405=EDGE_LOOP('',(#2263,#2264,#2265,#2266));
#406=EDGE_LOOP('',(#2267,#2268,#2269,#2270));
#407=EDGE_LOOP('',(#2271,#2272,#2273,#2274,#2275,#2276));
#408=EDGE_LOOP('',(#2277,#2278,#2279,#2280,#2281,#2282));
#409=EDGE_LOOP('',(#2283,#2284,#2285,#2286));
#410=EDGE_LOOP('',(#2287,#2288,#2289,#2290));
#411=EDGE_LOOP('',(#2291,#2292,#2293,#2294));
#412=EDGE_LOOP('',(#2295,#2296,#2297,#2298));
#413=EDGE_LOOP('',(#2299,#2300,#2301,#2302));
#414=EDGE_LOOP('',(#2303,#2304,#2305,#2306));
#415=EDGE_LOOP('',(#2307,#2308,#2309,#2310,#2311,#2312));
#416=EDGE_LOOP('',(#2313,#2314,#2315,#2316,#2317,#2318));
#417=EDGE_LOOP('',(#2319,#2320,#2321,#2322));
#418=EDGE_LOOP('',(#2323,#2324,#2325,#2326));
#419=EDGE_LOOP('',(#2327,#2328,#2329,#2330));
#420=EDGE_LOOP('',(#2331,#2332,#2333,#2334));
#421=EDGE_LOOP('',(#2335,#2336,#2337,#2338));
#422=EDGE_LOOP('',(#2339,#2340,#2341,#2342));
#423=EDGE_LOOP('',(#2343,#2344,#2345,#2346,#2347,#2348));
#424=EDGE_LOOP('',(#2349,#2350,#2351,#2352,#2353,#2354));
#425=EDGE_LOOP('',(#2355,#2356,#2357,#2358));
#426=EDGE_LOOP('',(#2359,#2360,#2361,#2362));
#427=EDGE_LOOP('',(#2363,#2364,#2365,#2366));
#428=EDGE_LOOP('',(#2367,#2368,#2369,#2370));
#429=EDGE_LOOP('',(#2371,#2372,#2373,#2374));
#430=EDGE_LOOP('',(#2375,#2376,#2377,#2378));
#431=EDGE_LOOP('',(#2379,#2380,#2381,#2382,#2383,#2384));
#432=EDGE_LOOP('',(#2385,#2386,#2387,#2388,#2389,#2390));
#433=EDGE_LOOP('',(#2391,#2392,#2393,#2394));
#434=EDGE_LOOP('',(#2395,#2396,#2397,#2398));
#435=EDGE_LOOP('',(#2399,#2400,#2401,#2402));
#436=EDGE_LOOP('',(#2403,#2404,#2405,#2406));
#437=EDGE_LOOP('',(#2407,#2408,#2409,#2410));
#438=EDGE_LOOP('',(#2411,#2412,#2413,#2414));
#439=EDGE_LOOP('',(#2415,#2416,#2417,#2418,#2419,#2420));
#440=EDGE_LOOP('',(#2421,#2422,#2423,#2424,#2425,#2426));
#441=EDGE_LOOP('',(#2427,#2428,#2429,#2430));
#442=EDGE_LOOP('',(#2431,#2432,#2433,#2434));
#443=EDGE_LOOP('',(#2435,#2436,#2437,#2438));
#444=EDGE_LOOP('',(#2439,#2440,#2441,#2442));
#445=EDGE_LOOP('',(#2443,#2444,#2445,#2446));
#446=EDGE_LOOP('',(#2447,#2448,#2449,#2450));
#447=EDGE_LOOP('',(#2451,#2452,#2453,#2454));
#448=EDGE_LOOP('',(#2455,#2456,#2457,#2458));
#449=EDGE_LOOP('',(#2459,#2460,#2461,#2462));
#450=EDGE_LOOP('',(#2463,#2464,#2465,#2466));
#451=EDGE_LOOP('',(#2467,#2468,#2469,#2470));
#452=EDGE_LOOP('',(#2471,#2472,#2473,#2474));
#453=EDGE_LOOP('',(#2475,#2476,#2477,#2478));
#454=EDGE_LOOP('',(#2479,#2480,#2481,#2482));
#455=EDGE_LOOP('',(#2483,#2484,#2485,#2486));
#456=EDGE_LOOP('',(#2487,#2488,#2489,#2490));
#457=EDGE_LOOP('',(#2491,#2492,#2493,#2494,#2495,#2496,#2497,#2498,#2499,
#2500,#2501,#2502,#2503,#2504,#2505,#2506));
#458=EDGE_LOOP('',(#2507,#2508,#2509,#2510,#2511,#2512,#2513,#2514,#2515,
#2516,#2517,#2518,#2519,#2520,#2521,#2522));
#459=EDGE_LOOP('',(#2523,#2524,#2525,#2526));
#460=EDGE_LOOP('',(#2527,#2528,#2529,#2530));
#461=EDGE_LOOP('',(#2531,#2532,#2533,#2534));
#462=EDGE_LOOP('',(#2535,#2536,#2537,#2538));
#463=EDGE_LOOP('',(#2539,#2540,#2541,#2542));
#464=EDGE_LOOP('',(#2543,#2544,#2545,#2546));
#465=EDGE_LOOP('',(#2547,#2548,#2549,#2550,#2551,#2552));
#466=EDGE_LOOP('',(#2553,#2554,#2555,#2556,#2557,#2558));
#467=EDGE_LOOP('',(#2559,#2560,#2561,#2562));
#468=EDGE_LOOP('',(#2563,#2564,#2565,#2566));
#469=EDGE_LOOP('',(#2567,#2568,#2569,#2570));
#470=EDGE_LOOP('',(#2571,#2572,#2573,#2574));
#471=EDGE_LOOP('',(#2575,#2576,#2577,#2578));
#472=EDGE_LOOP('',(#2579,#2580,#2581,#2582));
#473=EDGE_LOOP('',(#2583,#2584,#2585,#2586,#2587,#2588));
#474=EDGE_LOOP('',(#2589,#2590,#2591,#2592,#2593,#2594));
#475=LINE('',#3939,#795);
#476=LINE('',#3941,#796);
#477=LINE('',#3943,#797);
#478=LINE('',#3944,#798);
#479=LINE('',#3948,#799);
#480=LINE('',#3950,#800);
#481=LINE('',#3952,#801);
#482=LINE('',#3953,#802);
#483=LINE('',#3958,#803);
#484=LINE('',#3962,#804);
#485=LINE('',#3964,#805);
#486=LINE('',#3965,#806);
#487=LINE('',#3970,#807);
#488=LINE('',#3974,#808);
#489=LINE('',#3976,#809);
#490=LINE('',#3978,#810);
#491=LINE('',#3979,#811);
#492=LINE('',#3983,#812);
#493=LINE('',#3985,#813);
#494=LINE('',#3987,#814);
#495=LINE('',#3988,#815);
#496=LINE('',#3993,#816);
#497=LINE('',#3997,#817);
#498=LINE('',#3999,#818);
#499=LINE('',#4000,#819);
#500=LINE('',#4005,#820);
#501=LINE('',#4009,#821);
#502=LINE('',#4011,#822);
#503=LINE('',#4013,#823);
#504=LINE('',#4014,#824);
#505=LINE('',#4017,#825);
#506=LINE('',#4021,#826);
#507=LINE('',#4024,#827);
#508=LINE('',#4028,#828);
#509=LINE('',#4031,#829);
#510=LINE('',#4032,#830);
#511=LINE('',#4036,#831);
#512=LINE('',#4039,#832);
#513=LINE('',#4040,#833);
#514=LINE('',#4046,#834);
#515=LINE('',#4049,#835);
#516=LINE('',#4053,#836);
#517=LINE('',#4054,#837);
#518=LINE('',#4055,#838);
#519=LINE('',#4059,#839);
#520=LINE('',#4061,#840);
#521=LINE('',#4063,#841);
#522=LINE('',#4064,#842);
#523=LINE('',#4069,#843);
#524=LINE('',#4072,#844);
#525=LINE('',#4073,#845);
#526=LINE('',#4075,#846);
#527=LINE('',#4079,#847);
#528=LINE('',#4081,#848);
#529=LINE('',#4083,#849);
#530=LINE('',#4084,#850);
#531=LINE('',#4089,#851);
#532=LINE('',#4094,#852);
#533=LINE('',#4095,#853);
#534=LINE('',#4096,#854);
#535=LINE('',#4100,#855);
#536=LINE('',#4102,#856);
#537=LINE('',#4104,#857);
#538=LINE('',#4105,#858);
#539=LINE('',#4110,#859);
#540=LINE('',#4114,#860);
#541=LINE('',#4116,#861);
#542=LINE('',#4118,#862);
#543=LINE('',#4119,#863);
#544=LINE('',#4124,#864);
#545=LINE('',#4129,#865);
#546=LINE('',#4130,#866);
#547=LINE('',#4131,#867);
#548=LINE('',#4135,#868);
#549=LINE('',#4137,#869);
#550=LINE('',#4139,#870);
#551=LINE('',#4140,#871);
#552=LINE('',#4145,#872);
#553=LINE('',#4149,#873);
#554=LINE('',#4151,#874);
#555=LINE('',#4153,#875);
#556=LINE('',#4154,#876);
#557=LINE('',#4157,#877);
#558=LINE('',#4159,#878);
#559=LINE('',#4160,#879);
#560=LINE('',#4163,#880);
#561=LINE('',#4165,#881);
#562=LINE('',#4166,#882);
#563=LINE('',#4169,#883);
#564=LINE('',#4171,#884);
#565=LINE('',#4172,#885);
#566=LINE('',#4177,#886);
#567=LINE('',#4181,#887);
#568=LINE('',#4183,#888);
#569=LINE('',#4184,#889);
#570=LINE('',#4189,#890);
#571=LINE('',#4193,#891);
#572=LINE('',#4195,#892);
#573=LINE('',#4196,#893);
#574=LINE('',#4199,#894);
#575=LINE('',#4201,#895);
#576=LINE('',#4202,#896);
#577=LINE('',#4205,#897);
#578=LINE('',#4207,#898);
#579=LINE('',#4208,#899);
#580=LINE('',#4211,#900);
#581=LINE('',#4213,#901);
#582=LINE('',#4214,#902);
#583=LINE('',#4217,#903);
#584=LINE('',#4219,#904);
#585=LINE('',#4220,#905);
#586=LINE('',#4225,#906);
#587=LINE('',#4229,#907);
#588=LINE('',#4231,#908);
#589=LINE('',#4232,#909);
#590=LINE('',#4235,#910);
#591=LINE('',#4237,#911);
#592=LINE('',#4238,#912);
#593=LINE('',#4240,#913);
#594=LINE('',#4241,#914);
#595=LINE('',#4246,#915);
#596=LINE('',#4248,#916);
#597=LINE('',#4250,#917);
#598=LINE('',#4251,#918);
#599=LINE('',#4255,#919);
#600=LINE('',#4257,#920);
#601=LINE('',#4259,#921);
#602=LINE('',#4260,#922);
#603=LINE('',#4265,#923);
#604=LINE('',#4269,#924);
#605=LINE('',#4271,#925);
#606=LINE('',#4272,#926);
#607=LINE('',#4277,#927);
#608=LINE('',#4281,#928);
#609=LINE('',#4283,#929);
#610=LINE('',#4285,#930);
#611=LINE('',#4286,#931);
#612=LINE('',#4290,#932);
#613=LINE('',#4292,#933);
#614=LINE('',#4294,#934);
#615=LINE('',#4295,#935);
#616=LINE('',#4300,#936);
#617=LINE('',#4304,#937);
#618=LINE('',#4306,#938);
#619=LINE('',#4307,#939);
#620=LINE('',#4312,#940);
#621=LINE('',#4314,#941);
#622=LINE('',#4315,#942);
#623=LINE('',#4319,#943);
#624=LINE('',#4321,#944);
#625=LINE('',#4322,#945);
#626=LINE('',#4323,#946);
#627=LINE('',#4327,#947);
#628=LINE('',#4329,#948);
#629=LINE('',#4332,#949);
#630=LINE('',#4334,#950);
#631=LINE('',#4335,#951);
#632=LINE('',#4339,#952);
#633=LINE('',#4342,#953);
#634=LINE('',#4343,#954);
#635=LINE('',#4347,#955);
#636=LINE('',#4350,#956);
#637=LINE('',#4351,#957);
#638=LINE('',#4355,#958);
#639=LINE('',#4358,#959);
#640=LINE('',#4359,#960);
#641=LINE('',#4366,#961);
#642=LINE('',#4368,#962);
#643=LINE('',#4370,#963);
#644=LINE('',#4371,#964);
#645=LINE('',#4374,#965);
#646=LINE('',#4376,#966);
#647=LINE('',#4377,#967);
#648=LINE('',#4380,#968);
#649=LINE('',#4382,#969);
#650=LINE('',#4383,#970);
#651=LINE('',#4389,#971);
#652=LINE('',#4392,#972);
#653=LINE('',#4394,#973);
#654=LINE('',#4395,#974);
#655=LINE('',#4404,#975);
#656=LINE('',#4406,#976);
#657=LINE('',#4408,#977);
#658=LINE('',#4409,#978);
#659=LINE('',#4412,#979);
#660=LINE('',#4414,#980);
#661=LINE('',#4415,#981);
#662=LINE('',#4418,#982);
#663=LINE('',#4420,#983);
#664=LINE('',#4421,#984);
#665=LINE('',#4427,#985);
#666=LINE('',#4430,#986);
#667=LINE('',#4432,#987);
#668=LINE('',#4433,#988);
#669=LINE('',#4442,#989);
#670=LINE('',#4444,#990);
#671=LINE('',#4446,#991);
#672=LINE('',#4447,#992);
#673=LINE('',#4453,#993);
#674=LINE('',#4456,#994);
#675=LINE('',#4458,#995);
#676=LINE('',#4459,#996);
#677=LINE('',#4465,#997);
#678=LINE('',#4468,#998);
#679=LINE('',#4470,#999);
#680=LINE('',#4471,#1000);
#681=LINE('',#4473,#1001);
#682=LINE('',#4474,#1002);
#683=LINE('',#4482,#1003);
#684=LINE('',#4485,#1004);
#685=LINE('',#4488,#1005);
#686=LINE('',#4490,#1006);
#687=LINE('',#4491,#1007);
#688=LINE('',#4494,#1008);
#689=LINE('',#4496,#1009);
#690=LINE('',#4497,#1010);
#691=LINE('',#4500,#1011);
#692=LINE('',#4502,#1012);
#693=LINE('',#4503,#1013);
#694=LINE('',#4509,#1014);
#695=LINE('',#4511,#1015);
#696=LINE('',#4512,#1016);
#697=LINE('',#4518,#1017);
#698=LINE('',#4520,#1018);
#699=LINE('',#4522,#1019);
#700=LINE('',#4523,#1020);
#701=LINE('',#4529,#1021);
#702=LINE('',#4532,#1022);
#703=LINE('',#4534,#1023);
#704=LINE('',#4535,#1024);
#705=LINE('',#4538,#1025);
#706=LINE('',#4540,#1026);
#707=LINE('',#4541,#1027);
#708=LINE('',#4544,#1028);
#709=LINE('',#4546,#1029);
#710=LINE('',#4547,#1030);
#711=LINE('',#4556,#1031);
#712=LINE('',#4558,#1032);
#713=LINE('',#4560,#1033);
#714=LINE('',#4561,#1034);
#715=LINE('',#4567,#1035);
#716=LINE('',#4570,#1036);
#717=LINE('',#4572,#1037);
#718=LINE('',#4573,#1038);
#719=LINE('',#4576,#1039);
#720=LINE('',#4578,#1040);
#721=LINE('',#4579,#1041);
#722=LINE('',#4582,#1042);
#723=LINE('',#4584,#1043);
#724=LINE('',#4585,#1044);
#725=LINE('',#4594,#1045);
#726=LINE('',#4596,#1046);
#727=LINE('',#4598,#1047);
#728=LINE('',#4599,#1048);
#729=LINE('',#4602,#1049);
#730=LINE('',#4604,#1050);
#731=LINE('',#4605,#1051);
#732=LINE('',#4608,#1052);
#733=LINE('',#4610,#1053);
#734=LINE('',#4611,#1054);
#735=LINE('',#4614,#1055);
#736=LINE('',#4616,#1056);
#737=LINE('',#4617,#1057);
#738=LINE('',#4623,#1058);
#739=LINE('',#4626,#1059);
#740=LINE('',#4628,#1060);
#741=LINE('',#4629,#1061);
#742=LINE('',#4635,#1062);
#743=LINE('',#4638,#1063);
#744=LINE('',#4640,#1064);
#745=LINE('',#4641,#1065);
#746=LINE('',#4644,#1066);
#747=LINE('',#4646,#1067);
#748=LINE('',#4647,#1068);
#749=LINE('',#4650,#1069);
#750=LINE('',#4652,#1070);
#751=LINE('',#4653,#1071);
#752=LINE('',#4656,#1072);
#753=LINE('',#4658,#1073);
#754=LINE('',#4659,#1074);
#755=LINE('',#4662,#1075);
#756=LINE('',#4664,#1076);
#757=LINE('',#4665,#1077);
#758=LINE('',#4671,#1078);
#759=LINE('',#4674,#1079);
#760=LINE('',#4676,#1080);
#761=LINE('',#4677,#1081);
#762=LINE('',#4680,#1082);
#763=LINE('',#4682,#1083);
#764=LINE('',#4683,#1084);
#765=LINE('',#4685,#1085);
#766=LINE('',#4686,#1086);
#767=LINE('',#4692,#1087);
#768=LINE('',#4694,#1088);
#769=LINE('',#4696,#1089);
#770=LINE('',#4697,#1090);
#771=LINE('',#4700,#1091);
#772=LINE('',#4702,#1092);
#773=LINE('',#4703,#1093);
#774=LINE('',#4706,#1094);
#775=LINE('',#4708,#1095);
#776=LINE('',#4709,#1096);
#777=LINE('',#4715,#1097);
#778=LINE('',#4718,#1098);
#779=LINE('',#4720,#1099);
#780=LINE('',#4721,#1100);
#781=LINE('',#4730,#1101);
#782=LINE('',#4732,#1102);
#783=LINE('',#4734,#1103);
#784=LINE('',#4735,#1104);
#785=LINE('',#4738,#1105);
#786=LINE('',#4740,#1106);
#787=LINE('',#4741,#1107);
#788=LINE('',#4744,#1108);
#789=LINE('',#4746,#1109);
#790=LINE('',#4747,#1110);
#791=LINE('',#4753,#1111);
#792=LINE('',#4756,#1112);
#793=LINE('',#4758,#1113);
#794=LINE('',#4759,#1114);
#795=VECTOR('',#3135,10.);
#796=VECTOR('',#3136,10.);
#797=VECTOR('',#3137,10.);
#798=VECTOR('',#3138,10.);
#799=VECTOR('',#3141,10.);
#800=VECTOR('',#3142,10.);
#801=VECTOR('',#3143,10.);
#802=VECTOR('',#3144,10.);
#803=VECTOR('',#3149,10.);
#804=VECTOR('',#3154,10.);
#805=VECTOR('',#3155,10.);
#806=VECTOR('',#3156,10.);
#807=VECTOR('',#3165,10.);
#808=VECTOR('',#3168,10.);
#809=VECTOR('',#3169,10.);
#810=VECTOR('',#3170,10.);
#811=VECTOR('',#3171,10.);
#812=VECTOR('',#3174,10.);
#813=VECTOR('',#3175,10.);
#814=VECTOR('',#3176,10.);
#815=VECTOR('',#3177,10.);
#816=VECTOR('',#3182,10.);
#817=VECTOR('',#3187,10.);
#818=VECTOR('',#3188,10.);
#819=VECTOR('',#3189,10.);
#820=VECTOR('',#3198,10.);
#821=VECTOR('',#3201,10.);
#822=VECTOR('',#3202,10.);
#823=VECTOR('',#3203,10.);
#824=VECTOR('',#3204,10.);
#825=VECTOR('',#3207,10.);
#826=VECTOR('',#3210,10.);
#827=VECTOR('',#3213,10.);
#828=VECTOR('',#3218,10.);
#829=VECTOR('',#3221,10.);
#830=VECTOR('',#3222,10.);
#831=VECTOR('',#3227,10.);
#832=VECTOR('',#3230,10.);
#833=VECTOR('',#3231,10.);
#834=VECTOR('',#3236,10.);
#835=VECTOR('',#3239,10.);
#836=VECTOR('',#3242,10.);
#837=VECTOR('',#3243,10.);
#838=VECTOR('',#3244,10.);
#839=VECTOR('',#3247,10.);
#840=VECTOR('',#3248,10.);
#841=VECTOR('',#3249,10.);
#842=VECTOR('',#3250,10.);
#843=VECTOR('',#3255,10.);
#844=VECTOR('',#3260,10.);
#845=VECTOR('',#3261,10.);
#846=VECTOR('',#3264,10.);
#847=VECTOR('',#3267,10.);
#848=VECTOR('',#3268,10.);
#849=VECTOR('',#3269,10.);
#850=VECTOR('',#3270,10.);
#851=VECTOR('',#3275,10.);
#852=VECTOR('',#3280,10.);
#853=VECTOR('',#3281,10.);
#854=VECTOR('',#3282,10.);
#855=VECTOR('',#3285,10.);
#856=VECTOR('',#3286,10.);
#857=VECTOR('',#3287,10.);
#858=VECTOR('',#3288,10.);
#859=VECTOR('',#3297,10.);
#860=VECTOR('',#3300,10.);
#861=VECTOR('',#3301,10.);
#862=VECTOR('',#3302,10.);
#863=VECTOR('',#3303,10.);
#864=VECTOR('',#3308,10.);
#865=VECTOR('',#3313,10.);
#866=VECTOR('',#3314,10.);
#867=VECTOR('',#3315,10.);
#868=VECTOR('',#3318,10.);
#869=VECTOR('',#3319,10.);
#870=VECTOR('',#3320,10.);
#871=VECTOR('',#3321,10.);
#872=VECTOR('',#3330,10.);
#873=VECTOR('',#3333,10.);
#874=VECTOR('',#3334,10.);
#875=VECTOR('',#3335,10.);
#876=VECTOR('',#3336,10.);
#877=VECTOR('',#3339,10.);
#878=VECTOR('',#3340,10.);
#879=VECTOR('',#3341,10.);
#880=VECTOR('',#3344,10.);
#881=VECTOR('',#3345,10.);
#882=VECTOR('',#3346,10.);
#883=VECTOR('',#3349,10.);
#884=VECTOR('',#3350,10.);
#885=VECTOR('',#3351,10.);
#886=VECTOR('',#3356,10.);
#887=VECTOR('',#3361,10.);
#888=VECTOR('',#3362,10.);
#889=VECTOR('',#3363,10.);
#890=VECTOR('',#3368,10.);
#891=VECTOR('',#3373,10.);
#892=VECTOR('',#3374,10.);
#893=VECTOR('',#3375,10.);
#894=VECTOR('',#3378,10.);
#895=VECTOR('',#3379,10.);
#896=VECTOR('',#3380,10.);
#897=VECTOR('',#3383,10.);
#898=VECTOR('',#3384,10.);
#899=VECTOR('',#3385,10.);
#900=VECTOR('',#3388,10.);
#901=VECTOR('',#3389,10.);
#902=VECTOR('',#3390,10.);
#903=VECTOR('',#3393,10.);
#904=VECTOR('',#3394,10.);
#905=VECTOR('',#3395,10.);
#906=VECTOR('',#3400,10.);
#907=VECTOR('',#3405,10.);
#908=VECTOR('',#3406,10.);
#909=VECTOR('',#3407,10.);
#910=VECTOR('',#3410,10.);
#911=VECTOR('',#3411,10.);
#912=VECTOR('',#3412,10.);
#913=VECTOR('',#3415,10.);
#914=VECTOR('',#3416,10.);
#915=VECTOR('',#3421,10.);
#916=VECTOR('',#3422,10.);
#917=VECTOR('',#3423,10.);
#918=VECTOR('',#3424,10.);
#919=VECTOR('',#3427,10.);
#920=VECTOR('',#3428,10.);
#921=VECTOR('',#3429,10.);
#922=VECTOR('',#3430,10.);
#923=VECTOR('',#3435,10.);
#924=VECTOR('',#3440,10.);
#925=VECTOR('',#3441,10.);
#926=VECTOR('',#3442,10.);
#927=VECTOR('',#3451,10.);
#928=VECTOR('',#3454,10.);
#929=VECTOR('',#3455,10.);
#930=VECTOR('',#3456,10.);
#931=VECTOR('',#3457,10.);
#932=VECTOR('',#3460,10.);
#933=VECTOR('',#3461,10.);
#934=VECTOR('',#3462,10.);
#935=VECTOR('',#3463,10.);
#936=VECTOR('',#3468,10.);
#937=VECTOR('',#3473,10.);
#938=VECTOR('',#3474,10.);
#939=VECTOR('',#3475,10.);
#940=VECTOR('',#3484,10.);
#941=VECTOR('',#3487,10.);
#942=VECTOR('',#3488,10.);
#943=VECTOR('',#3491,10.);
#944=VECTOR('',#3494,10.);
#945=VECTOR('',#3495,10.);
#946=VECTOR('',#3496,10.);
#947=VECTOR('',#3499,10.);
#948=VECTOR('',#3502,10.);
#949=VECTOR('',#3505,10.);
#950=VECTOR('',#3506,10.);
#951=VECTOR('',#3507,10.);
#952=VECTOR('',#3512,10.);
#953=VECTOR('',#3515,10.);
#954=VECTOR('',#3516,10.);
#955=VECTOR('',#3521,10.);
#956=VECTOR('',#3524,10.);
#957=VECTOR('',#3525,10.);
#958=VECTOR('',#3530,10.);
#959=VECTOR('',#3533,10.);
#960=VECTOR('',#3534,10.);
#961=VECTOR('',#3543,10.);
#962=VECTOR('',#3544,10.);
#963=VECTOR('',#3545,10.);
#964=VECTOR('',#3546,10.);
#965=VECTOR('',#3549,10.);
#966=VECTOR('',#3550,10.);
#967=VECTOR('',#3551,10.);
#968=VECTOR('',#3554,10.);
#969=VECTOR('',#3555,10.);
#970=VECTOR('',#3556,10.);
#971=VECTOR('',#3563,10.);
#972=VECTOR('',#3566,10.);
#973=VECTOR('',#3567,10.);
#974=VECTOR('',#3568,10.);
#975=VECTOR('',#3581,10.);
#976=VECTOR('',#3582,10.);
#977=VECTOR('',#3583,10.);
#978=VECTOR('',#3584,10.);
#979=VECTOR('',#3587,10.);
#980=VECTOR('',#3588,10.);
#981=VECTOR('',#3589,10.);
#982=VECTOR('',#3592,10.);
#983=VECTOR('',#3593,10.);
#984=VECTOR('',#3594,10.);
#985=VECTOR('',#3601,10.);
#986=VECTOR('',#3604,10.);
#987=VECTOR('',#3605,10.);
#988=VECTOR('',#3606,10.);
#989=VECTOR('',#3619,10.);
#990=VECTOR('',#3620,10.);
#991=VECTOR('',#3621,10.);
#992=VECTOR('',#3622,10.);
#993=VECTOR('',#3629,10.);
#994=VECTOR('',#3632,10.);
#995=VECTOR('',#3633,10.);
#996=VECTOR('',#3634,10.);
#997=VECTOR('',#3641,10.);
#998=VECTOR('',#3644,10.);
#999=VECTOR('',#3645,10.);
#1000=VECTOR('',#3646,10.);
#1001=VECTOR('',#3649,10.);
#1002=VECTOR('',#3650,10.);
#1003=VECTOR('',#3659,10.);
#1004=VECTOR('',#3662,10.);
#1005=VECTOR('',#3665,10.);
#1006=VECTOR('',#3666,10.);
#1007=VECTOR('',#3667,10.);
#1008=VECTOR('',#3670,10.);
#1009=VECTOR('',#3671,10.);
#1010=VECTOR('',#3672,10.);
#1011=VECTOR('',#3675,10.);
#1012=VECTOR('',#3676,10.);
#1013=VECTOR('',#3677,10.);
#1014=VECTOR('',#3684,10.);
#1015=VECTOR('',#3687,10.);
#1016=VECTOR('',#3688,10.);
#1017=VECTOR('',#3695,10.);
#1018=VECTOR('',#3696,10.);
#1019=VECTOR('',#3697,10.);
#1020=VECTOR('',#3698,10.);
#1021=VECTOR('',#3705,10.);
#1022=VECTOR('',#3708,10.);
#1023=VECTOR('',#3709,10.);
#1024=VECTOR('',#3710,10.);
#1025=VECTOR('',#3713,10.);
#1026=VECTOR('',#3714,10.);
#1027=VECTOR('',#3715,10.);
#1028=VECTOR('',#3718,10.);
#1029=VECTOR('',#3719,10.);
#1030=VECTOR('',#3720,10.);
#1031=VECTOR('',#3733,10.);
#1032=VECTOR('',#3734,10.);
#1033=VECTOR('',#3735,10.);
#1034=VECTOR('',#3736,10.);
#1035=VECTOR('',#3743,10.);
#1036=VECTOR('',#3746,10.);
#1037=VECTOR('',#3747,10.);
#1038=VECTOR('',#3748,10.);
#1039=VECTOR('',#3751,10.);
#1040=VECTOR('',#3752,10.);
#1041=VECTOR('',#3753,10.);
#1042=VECTOR('',#3756,10.);
#1043=VECTOR('',#3757,10.);
#1044=VECTOR('',#3758,10.);
#1045=VECTOR('',#3771,10.);
#1046=VECTOR('',#3772,10.);
#1047=VECTOR('',#3773,10.);
#1048=VECTOR('',#3774,10.);
#1049=VECTOR('',#3777,10.);
#1050=VECTOR('',#3778,10.);
#1051=VECTOR('',#3779,10.);
#1052=VECTOR('',#3782,10.);
#1053=VECTOR('',#3783,10.);
#1054=VECTOR('',#3784,10.);
#1055=VECTOR('',#3787,10.);
#1056=VECTOR('',#3788,10.);
#1057=VECTOR('',#3789,10.);
#1058=VECTOR('',#3796,10.);
#1059=VECTOR('',#3799,10.);
#1060=VECTOR('',#3800,10.);
#1061=VECTOR('',#3801,10.);
#1062=VECTOR('',#3808,10.);
#1063=VECTOR('',#3811,10.);
#1064=VECTOR('',#3812,10.);
#1065=VECTOR('',#3813,10.);
#1066=VECTOR('',#3816,10.);
#1067=VECTOR('',#3817,10.);
#1068=VECTOR('',#3818,10.);
#1069=VECTOR('',#3821,10.);
#1070=VECTOR('',#3822,10.);
#1071=VECTOR('',#3823,10.);
#1072=VECTOR('',#3826,10.);
#1073=VECTOR('',#3827,10.);
#1074=VECTOR('',#3828,10.);
#1075=VECTOR('',#3831,10.);
#1076=VECTOR('',#3832,10.);
#1077=VECTOR('',#3833,10.);
#1078=VECTOR('',#3840,10.);
#1079=VECTOR('',#3843,10.);
#1080=VECTOR('',#3844,10.);
#1081=VECTOR('',#3845,10.);
#1082=VECTOR('',#3848,10.);
#1083=VECTOR('',#3849,10.);
#1084=VECTOR('',#3850,10.);
#1085=VECTOR('',#3853,10.);
#1086=VECTOR('',#3854,10.);
#1087=VECTOR('',#3861,10.);
#1088=VECTOR('',#3862,10.);
#1089=VECTOR('',#3863,10.);
#1090=VECTOR('',#3864,10.);
#1091=VECTOR('',#3867,10.);
#1092=VECTOR('',#3868,10.);
#1093=VECTOR('',#3869,10.);
#1094=VECTOR('',#3872,10.);
#1095=VECTOR('',#3873,10.);
#1096=VECTOR('',#3874,10.);
#1097=VECTOR('',#3881,10.);
#1098=VECTOR('',#3884,10.);
#1099=VECTOR('',#3885,10.);
#1100=VECTOR('',#3886,10.);
#1101=VECTOR('',#3899,10.);
#1102=VECTOR('',#3900,10.);
#1103=VECTOR('',#3901,10.);
#1104=VECTOR('',#3902,10.);
#1105=VECTOR('',#3905,10.);
#1106=VECTOR('',#3906,10.);
#1107=VECTOR('',#3907,10.);
#1108=VECTOR('',#3910,10.);
#1109=VECTOR('',#3911,10.);
#1110=VECTOR('',#3912,10.);
#1111=VECTOR('',#3919,10.);
#1112=VECTOR('',#3922,10.);
#1113=VECTOR('',#3923,10.);
#1114=VECTOR('',#3924,10.);
#1115=VERTEX_POINT('',#3937);
#1116=VERTEX_POINT('',#3938);
#1117=VERTEX_POINT('',#3940);
#1118=VERTEX_POINT('',#3942);
#1119=VERTEX_POINT('',#3946);
#1120=VERTEX_POINT('',#3947);
#1121=VERTEX_POINT('',#3949);
#1122=VERTEX_POINT('',#3951);
#1123=VERTEX_POINT('',#3955);
#1124=VERTEX_POINT('',#3957);
#1125=VERTEX_POINT('',#3961);
#1126=VERTEX_POINT('',#3963);
#1127=VERTEX_POINT('',#3972);
#1128=VERTEX_POINT('',#3973);
#1129=VERTEX_POINT('',#3975);
#1130=VERTEX_POINT('',#3977);
#1131=VERTEX_POINT('',#3981);
#1132=VERTEX_POINT('',#3982);
#1133=VERTEX_POINT('',#3984);
#1134=VERTEX_POINT('',#3986);
#1135=VERTEX_POINT('',#3990);
#1136=VERTEX_POINT('',#3992);
#1137=VERTEX_POINT('',#3996);
#1138=VERTEX_POINT('',#3998);
#1139=VERTEX_POINT('',#4007);
#1140=VERTEX_POINT('',#4008);
#1141=VERTEX_POINT('',#4010);
#1142=VERTEX_POINT('',#4012);
#1143=VERTEX_POINT('',#4016);
#1144=VERTEX_POINT('',#4018);
#1145=VERTEX_POINT('',#4020);
#1146=VERTEX_POINT('',#4022);
#1147=VERTEX_POINT('',#4026);
#1148=VERTEX_POINT('',#4030);
#1149=VERTEX_POINT('',#4034);
#1150=VERTEX_POINT('',#4038);
#1151=VERTEX_POINT('',#4042);
#1152=VERTEX_POINT('',#4043);
#1153=VERTEX_POINT('',#4045);
#1154=VERTEX_POINT('',#4047);
#1155=VERTEX_POINT('',#4051);
#1156=VERTEX_POINT('',#4052);
#1157=VERTEX_POINT('',#4057);
#1158=VERTEX_POINT('',#4058);
#1159=VERTEX_POINT('',#4060);
#1160=VERTEX_POINT('',#4062);
#1161=VERTEX_POINT('',#4066);
#1162=VERTEX_POINT('',#4068);
#1163=VERTEX_POINT('',#4077);
#1164=VERTEX_POINT('',#4078);
#1165=VERTEX_POINT('',#4080);
#1166=VERTEX_POINT('',#4082);
#1167=VERTEX_POINT('',#4086);
#1168=VERTEX_POINT('',#4088);
#1169=VERTEX_POINT('',#4092);
#1170=VERTEX_POINT('',#4093);
#1171=VERTEX_POINT('',#4098);
#1172=VERTEX_POINT('',#4099);
#1173=VERTEX_POINT('',#4101);
#1174=VERTEX_POINT('',#4103);
#1175=VERTEX_POINT('',#4112);
#1176=VERTEX_POINT('',#4113);
#1177=VERTEX_POINT('',#4115);
#1178=VERTEX_POINT('',#4117);
#1179=VERTEX_POINT('',#4121);
#1180=VERTEX_POINT('',#4123);
#1181=VERTEX_POINT('',#4127);
#1182=VERTEX_POINT('',#4128);
#1183=VERTEX_POINT('',#4133);
#1184=VERTEX_POINT('',#4134);
#1185=VERTEX_POINT('',#4136);
#1186=VERTEX_POINT('',#4138);
#1187=VERTEX_POINT('',#4147);
#1188=VERTEX_POINT('',#4148);
#1189=VERTEX_POINT('',#4150);
#1190=VERTEX_POINT('',#4152);
#1191=VERTEX_POINT('',#4156);
#1192=VERTEX_POINT('',#4158);
#1193=VERTEX_POINT('',#4162);
#1194=VERTEX_POINT('',#4164);
#1195=VERTEX_POINT('',#4168);
#1196=VERTEX_POINT('',#4170);
#1197=VERTEX_POINT('',#4174);
#1198=VERTEX_POINT('',#4176);
#1199=VERTEX_POINT('',#4180);
#1200=VERTEX_POINT('',#4182);
#1201=VERTEX_POINT('',#4186);
#1202=VERTEX_POINT('',#4188);
#1203=VERTEX_POINT('',#4192);
#1204=VERTEX_POINT('',#4194);
#1205=VERTEX_POINT('',#4198);
#1206=VERTEX_POINT('',#4200);
#1207=VERTEX_POINT('',#4204);
#1208=VERTEX_POINT('',#4206);
#1209=VERTEX_POINT('',#4210);
#1210=VERTEX_POINT('',#4212);
#1211=VERTEX_POINT('',#4216);
#1212=VERTEX_POINT('',#4218);
#1213=VERTEX_POINT('',#4222);
#1214=VERTEX_POINT('',#4224);
#1215=VERTEX_POINT('',#4228);
#1216=VERTEX_POINT('',#4230);
#1217=VERTEX_POINT('',#4234);
#1218=VERTEX_POINT('',#4236);
#1219=VERTEX_POINT('',#4244);
#1220=VERTEX_POINT('',#4245);
#1221=VERTEX_POINT('',#4247);
#1222=VERTEX_POINT('',#4249);
#1223=VERTEX_POINT('',#4253);
#1224=VERTEX_POINT('',#4254);
#1225=VERTEX_POINT('',#4256);
#1226=VERTEX_POINT('',#4258);
#1227=VERTEX_POINT('',#4262);
#1228=VERTEX_POINT('',#4264);
#1229=VERTEX_POINT('',#4268);
#1230=VERTEX_POINT('',#4270);
#1231=VERTEX_POINT('',#4279);
#1232=VERTEX_POINT('',#4280);
#1233=VERTEX_POINT('',#4282);
#1234=VERTEX_POINT('',#4284);
#1235=VERTEX_POINT('',#4288);
#1236=VERTEX_POINT('',#4289);
#1237=VERTEX_POINT('',#4291);
#1238=VERTEX_POINT('',#4293);
#1239=VERTEX_POINT('',#4297);
#1240=VERTEX_POINT('',#4299);
#1241=VERTEX_POINT('',#4303);
#1242=VERTEX_POINT('',#4305);
#1243=VERTEX_POINT('',#4316);
#1244=VERTEX_POINT('',#4318);
#1245=VERTEX_POINT('',#4324);
#1246=VERTEX_POINT('',#4326);
#1247=VERTEX_POINT('',#4331);
#1248=VERTEX_POINT('',#4333);
#1249=VERTEX_POINT('',#4337);
#1250=VERTEX_POINT('',#4341);
#1251=VERTEX_POINT('',#4345);
#1252=VERTEX_POINT('',#4349);
#1253=VERTEX_POINT('',#4353);
#1254=VERTEX_POINT('',#4357);
#1255=VERTEX_POINT('',#4364);
#1256=VERTEX_POINT('',#4365);
#1257=VERTEX_POINT('',#4367);
#1258=VERTEX_POINT('',#4369);
#1259=VERTEX_POINT('',#4373);
#1260=VERTEX_POINT('',#4375);
#1261=VERTEX_POINT('',#4379);
#1262=VERTEX_POINT('',#4381);
#1263=VERTEX_POINT('',#4385);
#1264=VERTEX_POINT('',#4387);
#1265=VERTEX_POINT('',#4391);
#1266=VERTEX_POINT('',#4393);
#1267=VERTEX_POINT('',#4402);
#1268=VERTEX_POINT('',#4403);
#1269=VERTEX_POINT('',#4405);
#1270=VERTEX_POINT('',#4407);
#1271=VERTEX_POINT('',#4411);
#1272=VERTEX_POINT('',#4413);
#1273=VERTEX_POINT('',#4417);
#1274=VERTEX_POINT('',#4419);
#1275=VERTEX_POINT('',#4423);
#1276=VERTEX_POINT('',#4425);
#1277=VERTEX_POINT('',#4429);
#1278=VERTEX_POINT('',#4431);
#1279=VERTEX_POINT('',#4440);
#1280=VERTEX_POINT('',#4441);
#1281=VERTEX_POINT('',#4443);
#1282=VERTEX_POINT('',#4445);
#1283=VERTEX_POINT('',#4449);
#1284=VERTEX_POINT('',#4451);
#1285=VERTEX_POINT('',#4455);
#1286=VERTEX_POINT('',#4457);
#1287=VERTEX_POINT('',#4461);
#1288=VERTEX_POINT('',#4463);
#1289=VERTEX_POINT('',#4467);
#1290=VERTEX_POINT('',#4469);
#1291=VERTEX_POINT('',#4478);
#1292=VERTEX_POINT('',#4479);
#1293=VERTEX_POINT('',#4481);
#1294=VERTEX_POINT('',#4483);
#1295=VERTEX_POINT('',#4487);
#1296=VERTEX_POINT('',#4489);
#1297=VERTEX_POINT('',#4493);
#1298=VERTEX_POINT('',#4495);
#1299=VERTEX_POINT('',#4499);
#1300=VERTEX_POINT('',#4501);
#1301=VERTEX_POINT('',#4505);
#1302=VERTEX_POINT('',#4507);
#1303=VERTEX_POINT('',#4516);
#1304=VERTEX_POINT('',#4517);
#1305=VERTEX_POINT('',#4519);
#1306=VERTEX_POINT('',#4521);
#1307=VERTEX_POINT('',#4525);
#1308=VERTEX_POINT('',#4527);
#1309=VERTEX_POINT('',#4531);
#1310=VERTEX_POINT('',#4533);
#1311=VERTEX_POINT('',#4537);
#1312=VERTEX_POINT('',#4539);
#1313=VERTEX_POINT('',#4543);
#1314=VERTEX_POINT('',#4545);
#1315=VERTEX_POINT('',#4554);
#1316=VERTEX_POINT('',#4555);
#1317=VERTEX_POINT('',#4557);
#1318=VERTEX_POINT('',#4559);
#1319=VERTEX_POINT('',#4563);
#1320=VERTEX_POINT('',#4565);
#1321=VERTEX_POINT('',#4569);
#1322=VERTEX_POINT('',#4571);
#1323=VERTEX_POINT('',#4575);
#1324=VERTEX_POINT('',#4577);
#1325=VERTEX_POINT('',#4581);
#1326=VERTEX_POINT('',#4583);
#1327=VERTEX_POINT('',#4592);
#1328=VERTEX_POINT('',#4593);
#1329=VERTEX_POINT('',#4595);
#1330=VERTEX_POINT('',#4597);
#1331=VERTEX_POINT('',#4601);
#1332=VERTEX_POINT('',#4603);
#1333=VERTEX_POINT('',#4607);
#1334=VERTEX_POINT('',#4609);
#1335=VERTEX_POINT('',#4613);
#1336=VERTEX_POINT('',#4615);
#1337=VERTEX_POINT('',#4619);
#1338=VERTEX_POINT('',#4621);
#1339=VERTEX_POINT('',#4625);
#1340=VERTEX_POINT('',#4627);
#1341=VERTEX_POINT('',#4631);
#1342=VERTEX_POINT('',#4633);
#1343=VERTEX_POINT('',#4637);
#1344=VERTEX_POINT('',#4639);
#1345=VERTEX_POINT('',#4643);
#1346=VERTEX_POINT('',#4645);
#1347=VERTEX_POINT('',#4649);
#1348=VERTEX_POINT('',#4651);
#1349=VERTEX_POINT('',#4655);
#1350=VERTEX_POINT('',#4657);
#1351=VERTEX_POINT('',#4661);
#1352=VERTEX_POINT('',#4663);
#1353=VERTEX_POINT('',#4667);
#1354=VERTEX_POINT('',#4669);
#1355=VERTEX_POINT('',#4673);
#1356=VERTEX_POINT('',#4675);
#1357=VERTEX_POINT('',#4679);
#1358=VERTEX_POINT('',#4681);
#1359=VERTEX_POINT('',#4690);
#1360=VERTEX_POINT('',#4691);
#1361=VERTEX_POINT('',#4693);
#1362=VERTEX_POINT('',#4695);
#1363=VERTEX_POINT('',#4699);
#1364=VERTEX_POINT('',#4701);
#1365=VERTEX_POINT('',#4705);
#1366=VERTEX_POINT('',#4707);
#1367=VERTEX_POINT('',#4711);
#1368=VERTEX_POINT('',#4713);
#1369=VERTEX_POINT('',#4717);
#1370=VERTEX_POINT('',#4719);
#1371=VERTEX_POINT('',#4728);
#1372=VERTEX_POINT('',#4729);
#1373=VERTEX_POINT('',#4731);
#1374=VERTEX_POINT('',#4733);
#1375=VERTEX_POINT('',#4737);
#1376=VERTEX_POINT('',#4739);
#1377=VERTEX_POINT('',#4743);
#1378=VERTEX_POINT('',#4745);
#1379=VERTEX_POINT('',#4749);
#1380=VERTEX_POINT('',#4751);
#1381=VERTEX_POINT('',#4755);
#1382=VERTEX_POINT('',#4757);
#1383=EDGE_CURVE('',#1115,#1116,#475,.T.);
#1384=EDGE_CURVE('',#1115,#1117,#476,.T.);
#1385=EDGE_CURVE('',#1118,#1117,#477,.T.);
#1386=EDGE_CURVE('',#1116,#1118,#478,.T.);
#1387=EDGE_CURVE('',#1119,#1120,#479,.T.);
#1388=EDGE_CURVE('',#1121,#1119,#480,.T.);
#1389=EDGE_CURVE('',#1121,#1122,#481,.T.);
#1390=EDGE_CURVE('',#1122,#1120,#482,.T.);
#1391=EDGE_CURVE('',#1123,#1121,#34,.T.);
#1392=EDGE_CURVE('',#1123,#1124,#483,.T.);
#1393=EDGE_CURVE('',#1124,#1122,#35,.T.);
#1394=EDGE_CURVE('',#1125,#1123,#484,.T.);
#1395=EDGE_CURVE('',#1125,#1126,#485,.T.);
#1396=EDGE_CURVE('',#1126,#1124,#486,.T.);
#1397=EDGE_CURVE('',#1118,#1125,#36,.T.);
#1398=EDGE_CURVE('',#1117,#1126,#37,.T.);
#1399=EDGE_CURVE('',#1120,#1115,#487,.T.);
#1400=EDGE_CURVE('',#1127,#1128,#488,.T.);
#1401=EDGE_CURVE('',#1127,#1129,#489,.T.);
#1402=EDGE_CURVE('',#1130,#1129,#490,.T.);
#1403=EDGE_CURVE('',#1128,#1130,#491,.T.);
#1404=EDGE_CURVE('',#1131,#1132,#492,.T.);
#1405=EDGE_CURVE('',#1133,#1131,#493,.T.);
#1406=EDGE_CURVE('',#1133,#1134,#494,.T.);
#1407=EDGE_CURVE('',#1134,#1132,#495,.T.);
#1408=EDGE_CURVE('',#1135,#1133,#38,.T.);
#1409=EDGE_CURVE('',#1135,#1136,#496,.T.);
#1410=EDGE_CURVE('',#1136,#1134,#39,.T.);
#1411=EDGE_CURVE('',#1137,#1135,#497,.T.);
#1412=EDGE_CURVE('',#1137,#1138,#498,.T.);
#1413=EDGE_CURVE('',#1138,#1136,#499,.T.);
#1414=EDGE_CURVE('',#1130,#1137,#40,.T.);
#1415=EDGE_CURVE('',#1129,#1138,#41,.T.);
#1416=EDGE_CURVE('',#1132,#1127,#500,.T.);
#1417=EDGE_CURVE('',#1139,#1140,#501,.T.);
#1418=EDGE_CURVE('',#1141,#1139,#502,.T.);
#1419=EDGE_CURVE('',#1141,#1142,#503,.T.);
#1420=EDGE_CURVE('',#1142,#1140,#504,.T.);
#1421=EDGE_CURVE('',#1140,#1143,#505,.T.);
#1422=EDGE_CURVE('',#1144,#1142,#42,.T.);
#1423=EDGE_CURVE('',#1145,#1144,#506,.T.);
#1424=EDGE_CURVE('',#1146,#1145,#43,.T.);
#1425=EDGE_CURVE('',#1143,#1146,#507,.T.);
#1426=EDGE_CURVE('',#1147,#1141,#44,.T.);
#1427=EDGE_CURVE('',#1147,#1144,#508,.T.);
#1428=EDGE_CURVE('',#1148,#1147,#509,.T.);
#1429=EDGE_CURVE('',#1148,#1145,#510,.T.);
#1430=EDGE_CURVE('',#1149,#1148,#45,.T.);
#1431=EDGE_CURVE('',#1149,#1146,#511,.T.);
#1432=EDGE_CURVE('',#1150,#1143,#512,.T.);
#1433=EDGE_CURVE('',#1150,#1149,#513,.T.);
#1434=EDGE_CURVE('',#1151,#1152,#46,.T.);
#1435=EDGE_CURVE('',#1151,#1153,#514,.T.);
#1436=EDGE_CURVE('',#1153,#1154,#47,.T.);
#1437=EDGE_CURVE('',#1152,#1154,#515,.T.);
#1438=EDGE_CURVE('',#1155,#1156,#516,.T.);
#1439=EDGE_CURVE('',#1156,#1153,#517,.T.);
#1440=EDGE_CURVE('',#1155,#1151,#518,.T.);
#1441=EDGE_CURVE('',#1157,#1158,#519,.T.);
#1442=EDGE_CURVE('',#1159,#1157,#520,.T.);
#1443=EDGE_CURVE('',#1159,#1160,#521,.T.);
#1444=EDGE_CURVE('',#1160,#1158,#522,.T.);
#1445=EDGE_CURVE('',#1161,#1159,#48,.T.);
#1446=EDGE_CURVE('',#1161,#1162,#523,.T.);
#1447=EDGE_CURVE('',#1162,#1160,#49,.T.);
#1448=EDGE_CURVE('',#1152,#1161,#524,.T.);
#1449=EDGE_CURVE('',#1154,#1162,#525,.T.);
#1450=EDGE_CURVE('',#1158,#1156,#526,.T.);
#1451=EDGE_CURVE('',#1163,#1164,#527,.T.);
#1452=EDGE_CURVE('',#1163,#1165,#528,.T.);
#1453=EDGE_CURVE('',#1165,#1166,#529,.T.);
#1454=EDGE_CURVE('',#1164,#1166,#530,.T.);
#1455=EDGE_CURVE('',#1167,#1163,#50,.T.);
#1456=EDGE_CURVE('',#1167,#1168,#531,.T.);
#1457=EDGE_CURVE('',#1168,#1165,#51,.T.);
#1458=EDGE_CURVE('',#1169,#1170,#532,.T.);
#1459=EDGE_CURVE('',#1169,#1168,#533,.T.);
#1460=EDGE_CURVE('',#1170,#1167,#534,.T.);
#1461=EDGE_CURVE('',#1171,#1172,#535,.T.);
#1462=EDGE_CURVE('',#1173,#1171,#536,.T.);
#1463=EDGE_CURVE('',#1173,#1174,#537,.T.);
#1464=EDGE_CURVE('',#1174,#1172,#538,.T.);
#1465=EDGE_CURVE('',#1164,#1173,#52,.T.);
#1466=EDGE_CURVE('',#1166,#1174,#53,.T.);
#1467=EDGE_CURVE('',#1172,#1169,#539,.T.);
#1468=EDGE_CURVE('',#1175,#1176,#540,.T.);
#1469=EDGE_CURVE('',#1175,#1177,#541,.T.);
#1470=EDGE_CURVE('',#1177,#1178,#542,.T.);
#1471=EDGE_CURVE('',#1176,#1178,#543,.T.);
#1472=EDGE_CURVE('',#1179,#1175,#54,.T.);
#1473=EDGE_CURVE('',#1179,#1180,#544,.T.);
#1474=EDGE_CURVE('',#1180,#1177,#55,.T.);
#1475=EDGE_CURVE('',#1181,#1182,#545,.T.);
#1476=EDGE_CURVE('',#1181,#1180,#546,.T.);
#1477=EDGE_CURVE('',#1182,#1179,#547,.T.);
#1478=EDGE_CURVE('',#1183,#1184,#548,.T.);
#1479=EDGE_CURVE('',#1185,#1183,#549,.T.);
#1480=EDGE_CURVE('',#1185,#1186,#550,.T.);
#1481=EDGE_CURVE('',#1186,#1184,#551,.T.);
#1482=EDGE_CURVE('',#1176,#1185,#56,.T.);
#1483=EDGE_CURVE('',#1178,#1186,#57,.T.);
#1484=EDGE_CURVE('',#1184,#1181,#552,.T.);
#1485=EDGE_CURVE('',#1187,#1188,#553,.T.);
#1486=EDGE_CURVE('',#1187,#1189,#554,.T.);
#1487=EDGE_CURVE('',#1189,#1190,#555,.T.);
#1488=EDGE_CURVE('',#1188,#1190,#556,.T.);
#1489=EDGE_CURVE('',#1191,#1187,#557,.T.);
#1490=EDGE_CURVE('',#1191,#1192,#558,.T.);
#1491=EDGE_CURVE('',#1192,#1189,#559,.T.);
#1492=EDGE_CURVE('',#1193,#1191,#560,.T.);
#1493=EDGE_CURVE('',#1193,#1194,#561,.T.);
#1494=EDGE_CURVE('',#1194,#1192,#562,.T.);
#1495=EDGE_CURVE('',#1195,#1193,#563,.T.);
#1496=EDGE_CURVE('',#1195,#1196,#564,.T.);
#1497=EDGE_CURVE('',#1196,#1194,#565,.T.);
#1498=EDGE_CURVE('',#1197,#1195,#58,.T.);
#1499=EDGE_CURVE('',#1197,#1198,#566,.T.);
#1500=EDGE_CURVE('',#1198,#1196,#59,.T.);
#1501=EDGE_CURVE('',#1199,#1197,#567,.T.);
#1502=EDGE_CURVE('',#1199,#1200,#568,.T.);
#1503=EDGE_CURVE('',#1200,#1198,#569,.T.);
#1504=EDGE_CURVE('',#1201,#1199,#60,.T.);
#1505=EDGE_CURVE('',#1201,#1202,#570,.T.);
#1506=EDGE_CURVE('',#1202,#1200,#61,.T.);
#1507=EDGE_CURVE('',#1203,#1201,#571,.T.);
#1508=EDGE_CURVE('',#1203,#1204,#572,.T.);
#1509=EDGE_CURVE('',#1204,#1202,#573,.T.);
#1510=EDGE_CURVE('',#1205,#1203,#574,.T.);
#1511=EDGE_CURVE('',#1205,#1206,#575,.T.);
#1512=EDGE_CURVE('',#1206,#1204,#576,.T.);
#1513=EDGE_CURVE('',#1207,#1205,#577,.T.);
#1514=EDGE_CURVE('',#1207,#1208,#578,.T.);
#1515=EDGE_CURVE('',#1208,#1206,#579,.T.);
#1516=EDGE_CURVE('',#1209,#1207,#580,.T.);
#1517=EDGE_CURVE('',#1209,#1210,#581,.T.);
#1518=EDGE_CURVE('',#1210,#1208,#582,.T.);
#1519=EDGE_CURVE('',#1211,#1209,#583,.T.);
#1520=EDGE_CURVE('',#1211,#1212,#584,.T.);
#1521=EDGE_CURVE('',#1212,#1210,#585,.T.);
#1522=EDGE_CURVE('',#1213,#1211,#62,.T.);
#1523=EDGE_CURVE('',#1213,#1214,#586,.T.);
#1524=EDGE_CURVE('',#1214,#1212,#63,.T.);
#1525=EDGE_CURVE('',#1215,#1213,#587,.T.);
#1526=EDGE_CURVE('',#1215,#1216,#588,.T.);
#1527=EDGE_CURVE('',#1216,#1214,#589,.T.);
#1528=EDGE_CURVE('',#1217,#1215,#590,.T.);
#1529=EDGE_CURVE('',#1217,#1218,#591,.T.);
#1530=EDGE_CURVE('',#1218,#1216,#592,.T.);
#1531=EDGE_CURVE('',#1188,#1217,#593,.T.);
#1532=EDGE_CURVE('',#1190,#1218,#594,.T.);
#1533=EDGE_CURVE('',#1219,#1220,#595,.T.);
#1534=EDGE_CURVE('',#1219,#1221,#596,.T.);
#1535=EDGE_CURVE('',#1222,#1221,#597,.T.);
#1536=EDGE_CURVE('',#1220,#1222,#598,.T.);
#1537=EDGE_CURVE('',#1223,#1224,#599,.T.);
#1538=EDGE_CURVE('',#1225,#1223,#600,.T.);
#1539=EDGE_CURVE('',#1225,#1226,#601,.T.);
#1540=EDGE_CURVE('',#1226,#1224,#602,.T.);
#1541=EDGE_CURVE('',#1227,#1225,#64,.T.);
#1542=EDGE_CURVE('',#1227,#1228,#603,.T.);
#1543=EDGE_CURVE('',#1228,#1226,#65,.T.);
#1544=EDGE_CURVE('',#1229,#1227,#604,.T.);
#1545=EDGE_CURVE('',#1229,#1230,#605,.T.);
#1546=EDGE_CURVE('',#1230,#1228,#606,.T.);
#1547=EDGE_CURVE('',#1222,#1229,#66,.T.);
#1548=EDGE_CURVE('',#1221,#1230,#67,.T.);
#1549=EDGE_CURVE('',#1224,#1219,#607,.T.);
#1550=EDGE_CURVE('',#1231,#1232,#608,.T.);
#1551=EDGE_CURVE('',#1231,#1233,#609,.T.);
#1552=EDGE_CURVE('',#1234,#1233,#610,.T.);
#1553=EDGE_CURVE('',#1232,#1234,#611,.T.);
#1554=EDGE_CURVE('',#1235,#1236,#612,.T.);
#1555=EDGE_CURVE('',#1237,#1235,#613,.T.);
#1556=EDGE_CURVE('',#1237,#1238,#614,.T.);
#1557=EDGE_CURVE('',#1238,#1236,#615,.T.);
#1558=EDGE_CURVE('',#1239,#1237,#68,.T.);
#1559=EDGE_CURVE('',#1239,#1240,#616,.T.);
#1560=EDGE_CURVE('',#1240,#1238,#69,.T.);
#1561=EDGE_CURVE('',#1241,#1239,#617,.T.);
#1562=EDGE_CURVE('',#1241,#1242,#618,.T.);
#1563=EDGE_CURVE('',#1242,#1240,#619,.T.);
#1564=EDGE_CURVE('',#1234,#1241,#70,.T.);
#1565=EDGE_CURVE('',#1233,#1242,#71,.T.);
#1566=EDGE_CURVE('',#1236,#1231,#620,.T.);
#1567=EDGE_CURVE('',#1119,#1170,#621,.T.);
#1568=EDGE_CURVE('',#1171,#1232,#622,.T.);
#1569=EDGE_CURVE('',#1243,#1235,#72,.T.);
#1570=EDGE_CURVE('',#1243,#1244,#623,.T.);
#1571=EDGE_CURVE('',#1150,#1244,#73,.T.);
#1572=EDGE_CURVE('',#1139,#1128,#624,.T.);
#1573=EDGE_CURVE('',#1131,#1182,#625,.T.);
#1574=EDGE_CURVE('',#1183,#1220,#626,.T.);
#1575=EDGE_CURVE('',#1245,#1223,#74,.T.);
#1576=EDGE_CURVE('',#1245,#1246,#627,.T.);
#1577=EDGE_CURVE('',#1155,#1246,#75,.T.);
#1578=EDGE_CURVE('',#1157,#1116,#628,.T.);
#1579=EDGE_CURVE('',#1156,#1247,#629,.T.);
#1580=EDGE_CURVE('',#1248,#1247,#630,.T.);
#1581=EDGE_CURVE('',#1236,#1248,#631,.T.);
#1582=EDGE_CURVE('',#1249,#1248,#76,.T.);
#1583=EDGE_CURVE('',#1243,#1249,#632,.T.);
#1584=EDGE_CURVE('',#1250,#1249,#633,.T.);
#1585=EDGE_CURVE('',#1244,#1250,#634,.T.);
#1586=EDGE_CURVE('',#1251,#1250,#77,.T.);
#1587=EDGE_CURVE('',#1143,#1251,#635,.T.);
#1588=EDGE_CURVE('',#1252,#1251,#636,.T.);
#1589=EDGE_CURVE('',#1224,#1252,#637,.T.);
#1590=EDGE_CURVE('',#1253,#1252,#78,.T.);
#1591=EDGE_CURVE('',#1245,#1253,#638,.T.);
#1592=EDGE_CURVE('',#1254,#1253,#639,.T.);
#1593=EDGE_CURVE('',#1246,#1254,#640,.T.);
#1594=EDGE_CURVE('',#1247,#1254,#79,.T.);
#1595=EDGE_CURVE('',#1255,#1256,#641,.T.);
#1596=EDGE_CURVE('',#1255,#1257,#642,.T.);
#1597=EDGE_CURVE('',#1258,#1257,#643,.T.);
#1598=EDGE_CURVE('',#1256,#1258,#644,.T.);
#1599=EDGE_CURVE('',#1256,#1259,#645,.T.);
#1600=EDGE_CURVE('',#1260,#1258,#646,.T.);
#1601=EDGE_CURVE('',#1259,#1260,#647,.T.);
#1602=EDGE_CURVE('',#1259,#1261,#648,.T.);
#1603=EDGE_CURVE('',#1262,#1260,#649,.T.);
#1604=EDGE_CURVE('',#1261,#1262,#650,.T.);
#1605=EDGE_CURVE('',#1263,#1261,#80,.T.);
#1606=EDGE_CURVE('',#1264,#1262,#81,.T.);
#1607=EDGE_CURVE('',#1263,#1264,#651,.T.);
#1608=EDGE_CURVE('',#1263,#1265,#652,.T.);
#1609=EDGE_CURVE('',#1266,#1264,#653,.T.);
#1610=EDGE_CURVE('',#1265,#1266,#654,.T.);
#1611=EDGE_CURVE('',#1255,#1265,#82,.T.);
#1612=EDGE_CURVE('',#1257,#1266,#83,.T.);
#1613=EDGE_CURVE('',#1267,#1268,#655,.T.);
#1614=EDGE_CURVE('',#1267,#1269,#656,.T.);
#1615=EDGE_CURVE('',#1270,#1269,#657,.T.);
#1616=EDGE_CURVE('',#1268,#1270,#658,.T.);
#1617=EDGE_CURVE('',#1268,#1271,#659,.T.);
#1618=EDGE_CURVE('',#1272,#1270,#660,.T.);
#1619=EDGE_CURVE('',#1271,#1272,#661,.T.);
#1620=EDGE_CURVE('',#1271,#1273,#662,.T.);
#1621=EDGE_CURVE('',#1274,#1272,#663,.T.);
#1622=EDGE_CURVE('',#1273,#1274,#664,.T.);
#1623=EDGE_CURVE('',#1275,#1273,#84,.T.);
#1624=EDGE_CURVE('',#1276,#1274,#85,.T.);
#1625=EDGE_CURVE('',#1275,#1276,#665,.T.);
#1626=EDGE_CURVE('',#1275,#1277,#666,.T.);
#1627=EDGE_CURVE('',#1278,#1276,#667,.T.);
#1628=EDGE_CURVE('',#1277,#1278,#668,.T.);
#1629=EDGE_CURVE('',#1267,#1277,#86,.T.);
#1630=EDGE_CURVE('',#1269,#1278,#87,.T.);
#1631=EDGE_CURVE('',#1279,#1280,#669,.T.);
#1632=EDGE_CURVE('',#1280,#1281,#670,.T.);
#1633=EDGE_CURVE('',#1282,#1281,#671,.T.);
#1634=EDGE_CURVE('',#1279,#1282,#672,.T.);
#1635=EDGE_CURVE('',#1283,#1279,#88,.T.);
#1636=EDGE_CURVE('',#1284,#1282,#89,.T.);
#1637=EDGE_CURVE('',#1283,#1284,#673,.T.);
#1638=EDGE_CURVE('',#1285,#1283,#674,.T.);
#1639=EDGE_CURVE('',#1286,#1284,#675,.T.);
#1640=EDGE_CURVE('',#1285,#1286,#676,.T.);
#1641=EDGE_CURVE('',#1287,#1285,#90,.T.);
#1642=EDGE_CURVE('',#1288,#1286,#91,.T.);
#1643=EDGE_CURVE('',#1287,#1288,#677,.T.);
#1644=EDGE_CURVE('',#1289,#1287,#678,.T.);
#1645=EDGE_CURVE('',#1290,#1288,#679,.T.);
#1646=EDGE_CURVE('',#1289,#1290,#680,.T.);
#1647=EDGE_CURVE('',#1280,#1289,#681,.T.);
#1648=EDGE_CURVE('',#1281,#1290,#682,.T.);
#1649=EDGE_CURVE('',#1291,#1292,#92,.T.);
#1650=EDGE_CURVE('',#1292,#1293,#683,.T.);
#1651=EDGE_CURVE('',#1294,#1293,#93,.T.);
#1652=EDGE_CURVE('',#1291,#1294,#684,.T.);
#1653=EDGE_CURVE('',#1295,#1291,#685,.T.);
#1654=EDGE_CURVE('',#1296,#1294,#686,.T.);
#1655=EDGE_CURVE('',#1295,#1296,#687,.T.);
#1656=EDGE_CURVE('',#1297,#1295,#688,.T.);
#1657=EDGE_CURVE('',#1298,#1296,#689,.T.);
#1658=EDGE_CURVE('',#1297,#1298,#690,.T.);
#1659=EDGE_CURVE('',#1299,#1297,#691,.T.);
#1660=EDGE_CURVE('',#1300,#1298,#692,.T.);
#1661=EDGE_CURVE('',#1299,#1300,#693,.T.);
#1662=EDGE_CURVE('',#1301,#1299,#94,.T.);
#1663=EDGE_CURVE('',#1302,#1300,#95,.T.);
#1664=EDGE_CURVE('',#1301,#1302,#694,.T.);
#1665=EDGE_CURVE('',#1292,#1301,#695,.T.);
#1666=EDGE_CURVE('',#1293,#1302,#696,.T.);
#1667=EDGE_CURVE('',#1303,#1304,#697,.T.);
#1668=EDGE_CURVE('',#1304,#1305,#698,.T.);
#1669=EDGE_CURVE('',#1306,#1305,#699,.T.);
#1670=EDGE_CURVE('',#1303,#1306,#700,.T.);
#1671=EDGE_CURVE('',#1307,#1303,#96,.T.);
#1672=EDGE_CURVE('',#1308,#1306,#97,.T.);
#1673=EDGE_CURVE('',#1307,#1308,#701,.T.);
#1674=EDGE_CURVE('',#1309,#1307,#702,.T.);
#1675=EDGE_CURVE('',#1310,#1308,#703,.T.);
#1676=EDGE_CURVE('',#1309,#1310,#704,.T.);
#1677=EDGE_CURVE('',#1311,#1309,#705,.T.);
#1678=EDGE_CURVE('',#1312,#1310,#706,.T.);
#1679=EDGE_CURVE('',#1311,#1312,#707,.T.);
#1680=EDGE_CURVE('',#1313,#1311,#708,.T.);
#1681=EDGE_CURVE('',#1314,#1312,#709,.T.);
#1682=EDGE_CURVE('',#1313,#1314,#710,.T.);
#1683=EDGE_CURVE('',#1304,#1313,#98,.T.);
#1684=EDGE_CURVE('',#1305,#1314,#99,.T.);
#1685=EDGE_CURVE('',#1315,#1316,#711,.T.);
#1686=EDGE_CURVE('',#1316,#1317,#712,.T.);
#1687=EDGE_CURVE('',#1318,#1317,#713,.T.);
#1688=EDGE_CURVE('',#1315,#1318,#714,.T.);
#1689=EDGE_CURVE('',#1319,#1315,#100,.T.);
#1690=EDGE_CURVE('',#1320,#1318,#101,.T.);
#1691=EDGE_CURVE('',#1319,#1320,#715,.T.);
#1692=EDGE_CURVE('',#1321,#1319,#716,.T.);
#1693=EDGE_CURVE('',#1322,#1320,#717,.T.);
#1694=EDGE_CURVE('',#1321,#1322,#718,.T.);
#1695=EDGE_CURVE('',#1323,#1321,#719,.T.);
#1696=EDGE_CURVE('',#1324,#1322,#720,.T.);
#1697=EDGE_CURVE('',#1323,#1324,#721,.T.);
#1698=EDGE_CURVE('',#1325,#1323,#722,.T.);
#1699=EDGE_CURVE('',#1326,#1324,#723,.T.);
#1700=EDGE_CURVE('',#1325,#1326,#724,.T.);
#1701=EDGE_CURVE('',#1316,#1325,#102,.T.);
#1702=EDGE_CURVE('',#1317,#1326,#103,.T.);
#1703=EDGE_CURVE('',#1327,#1328,#725,.T.);
#1704=EDGE_CURVE('',#1328,#1329,#726,.T.);
#1705=EDGE_CURVE('',#1330,#1329,#727,.T.);
#1706=EDGE_CURVE('',#1327,#1330,#728,.T.);
#1707=EDGE_CURVE('',#1331,#1327,#729,.T.);
#1708=EDGE_CURVE('',#1332,#1330,#730,.T.);
#1709=EDGE_CURVE('',#1331,#1332,#731,.T.);
#1710=EDGE_CURVE('',#1333,#1331,#732,.T.);
#1711=EDGE_CURVE('',#1334,#1332,#733,.T.);
#1712=EDGE_CURVE('',#1333,#1334,#734,.T.);
#1713=EDGE_CURVE('',#1335,#1333,#735,.T.);
#1714=EDGE_CURVE('',#1336,#1334,#736,.T.);
#1715=EDGE_CURVE('',#1335,#1336,#737,.T.);
#1716=EDGE_CURVE('',#1337,#1335,#104,.T.);
#1717=EDGE_CURVE('',#1338,#1336,#105,.T.);
#1718=EDGE_CURVE('',#1337,#1338,#738,.T.);
#1719=EDGE_CURVE('',#1339,#1337,#739,.T.);
#1720=EDGE_CURVE('',#1340,#1338,#740,.T.);
#1721=EDGE_CURVE('',#1339,#1340,#741,.T.);
#1722=EDGE_CURVE('',#1341,#1339,#106,.T.);
#1723=EDGE_CURVE('',#1342,#1340,#107,.T.);
#1724=EDGE_CURVE('',#1341,#1342,#742,.T.);
#1725=EDGE_CURVE('',#1343,#1341,#743,.T.);
#1726=EDGE_CURVE('',#1344,#1342,#744,.T.);
#1727=EDGE_CURVE('',#1343,#1344,#745,.T.);
#1728=EDGE_CURVE('',#1345,#1343,#746,.T.);
#1729=EDGE_CURVE('',#1346,#1344,#747,.T.);
#1730=EDGE_CURVE('',#1345,#1346,#748,.T.);
#1731=EDGE_CURVE('',#1347,#1345,#749,.T.);
#1732=EDGE_CURVE('',#1348,#1346,#750,.T.);
#1733=EDGE_CURVE('',#1347,#1348,#751,.T.);
#1734=EDGE_CURVE('',#1349,#1347,#752,.T.);
#1735=EDGE_CURVE('',#1350,#1348,#753,.T.);
#1736=EDGE_CURVE('',#1349,#1350,#754,.T.);
#1737=EDGE_CURVE('',#1351,#1349,#755,.T.);
#1738=EDGE_CURVE('',#1352,#1350,#756,.T.);
#1739=EDGE_CURVE('',#1351,#1352,#757,.T.);
#1740=EDGE_CURVE('',#1353,#1351,#108,.T.);
#1741=EDGE_CURVE('',#1354,#1352,#109,.T.);
#1742=EDGE_CURVE('',#1353,#1354,#758,.T.);
#1743=EDGE_CURVE('',#1355,#1353,#759,.T.);
#1744=EDGE_CURVE('',#1356,#1354,#760,.T.);
#1745=EDGE_CURVE('',#1355,#1356,#761,.T.);
#1746=EDGE_CURVE('',#1357,#1355,#762,.T.);
#1747=EDGE_CURVE('',#1358,#1356,#763,.T.);
#1748=EDGE_CURVE('',#1357,#1358,#764,.T.);
#1749=EDGE_CURVE('',#1328,#1357,#765,.T.);
#1750=EDGE_CURVE('',#1329,#1358,#766,.T.);
#1751=EDGE_CURVE('',#1359,#1360,#767,.T.);
#1752=EDGE_CURVE('',#1359,#1361,#768,.T.);
#1753=EDGE_CURVE('',#1362,#1361,#769,.T.);
#1754=EDGE_CURVE('',#1360,#1362,#770,.T.);
#1755=EDGE_CURVE('',#1360,#1363,#771,.T.);
#1756=EDGE_CURVE('',#1364,#1362,#772,.T.);
#1757=EDGE_CURVE('',#1363,#1364,#773,.T.);
#1758=EDGE_CURVE('',#1363,#1365,#774,.T.);
#1759=EDGE_CURVE('',#1366,#1364,#775,.T.);
#1760=EDGE_CURVE('',#1365,#1366,#776,.T.);
#1761=EDGE_CURVE('',#1367,#1365,#110,.T.);
#1762=EDGE_CURVE('',#1368,#1366,#111,.T.);
#1763=EDGE_CURVE('',#1367,#1368,#777,.T.);
#1764=EDGE_CURVE('',#1367,#1369,#778,.T.);
#1765=EDGE_CURVE('',#1370,#1368,#779,.T.);
#1766=EDGE_CURVE('',#1369,#1370,#780,.T.);
#1767=EDGE_CURVE('',#1359,#1369,#112,.T.);
#1768=EDGE_CURVE('',#1361,#1370,#113,.T.);
#1769=EDGE_CURVE('',#1371,#1372,#781,.T.);
#1770=EDGE_CURVE('',#1371,#1373,#782,.T.);
#1771=EDGE_CURVE('',#1374,#1373,#783,.T.);
#1772=EDGE_CURVE('',#1372,#1374,#784,.T.);
#1773=EDGE_CURVE('',#1372,#1375,#785,.T.);
#1774=EDGE_CURVE('',#1376,#1374,#786,.T.);
#1775=EDGE_CURVE('',#1375,#1376,#787,.T.);
#1776=EDGE_CURVE('',#1375,#1377,#788,.T.);
#1777=EDGE_CURVE('',#1378,#1376,#789,.T.);
#1778=EDGE_CURVE('',#1377,#1378,#790,.T.);
#1779=EDGE_CURVE('',#1379,#1377,#114,.T.);
#1780=EDGE_CURVE('',#1380,#1378,#115,.T.);
#1781=EDGE_CURVE('',#1379,#1380,#791,.T.);
#1782=EDGE_CURVE('',#1379,#1381,#792,.T.);
#1783=EDGE_CURVE('',#1382,#1380,#793,.T.);
#1784=EDGE_CURVE('',#1381,#1382,#794,.T.);
#1785=EDGE_CURVE('',#1371,#1381,#116,.T.);
#1786=EDGE_CURVE('',#1373,#1382,#117,.T.);
#1787=ORIENTED_EDGE('',*,*,#1383,.F.);
#1788=ORIENTED_EDGE('',*,*,#1384,.T.);
#1789=ORIENTED_EDGE('',*,*,#1385,.F.);
#1790=ORIENTED_EDGE('',*,*,#1386,.F.);
#1791=ORIENTED_EDGE('',*,*,#1387,.F.);
#1792=ORIENTED_EDGE('',*,*,#1388,.F.);
#1793=ORIENTED_EDGE('',*,*,#1389,.T.);
#1794=ORIENTED_EDGE('',*,*,#1390,.T.);
#1795=ORIENTED_EDGE('',*,*,#1391,.F.);
#1796=ORIENTED_EDGE('',*,*,#1392,.T.);
#1797=ORIENTED_EDGE('',*,*,#1393,.T.);
#1798=ORIENTED_EDGE('',*,*,#1389,.F.);
#1799=ORIENTED_EDGE('',*,*,#1394,.F.);
#1800=ORIENTED_EDGE('',*,*,#1395,.T.);
#1801=ORIENTED_EDGE('',*,*,#1396,.T.);
#1802=ORIENTED_EDGE('',*,*,#1392,.F.);
#1803=ORIENTED_EDGE('',*,*,#1397,.F.);
#1804=ORIENTED_EDGE('',*,*,#1385,.T.);
#1805=ORIENTED_EDGE('',*,*,#1398,.T.);
#1806=ORIENTED_EDGE('',*,*,#1395,.F.);
#1807=ORIENTED_EDGE('',*,*,#1399,.F.);
#1808=ORIENTED_EDGE('',*,*,#1390,.F.);
#1809=ORIENTED_EDGE('',*,*,#1393,.F.);
#1810=ORIENTED_EDGE('',*,*,#1396,.F.);
#1811=ORIENTED_EDGE('',*,*,#1398,.F.);
#1812=ORIENTED_EDGE('',*,*,#1384,.F.);
#1813=ORIENTED_EDGE('',*,*,#1400,.F.);
#1814=ORIENTED_EDGE('',*,*,#1401,.T.);
#1815=ORIENTED_EDGE('',*,*,#1402,.F.);
#1816=ORIENTED_EDGE('',*,*,#1403,.F.);
#1817=ORIENTED_EDGE('',*,*,#1404,.F.);
#1818=ORIENTED_EDGE('',*,*,#1405,.F.);
#1819=ORIENTED_EDGE('',*,*,#1406,.T.);
#1820=ORIENTED_EDGE('',*,*,#1407,.T.);
#1821=ORIENTED_EDGE('',*,*,#1408,.F.);
#1822=ORIENTED_EDGE('',*,*,#1409,.T.);
#1823=ORIENTED_EDGE('',*,*,#1410,.T.);
#1824=ORIENTED_EDGE('',*,*,#1406,.F.);
#1825=ORIENTED_EDGE('',*,*,#1411,.F.);
#1826=ORIENTED_EDGE('',*,*,#1412,.T.);
#1827=ORIENTED_EDGE('',*,*,#1413,.T.);
#1828=ORIENTED_EDGE('',*,*,#1409,.F.);
#1829=ORIENTED_EDGE('',*,*,#1414,.F.);
#1830=ORIENTED_EDGE('',*,*,#1402,.T.);
#1831=ORIENTED_EDGE('',*,*,#1415,.T.);
#1832=ORIENTED_EDGE('',*,*,#1412,.F.);
#1833=ORIENTED_EDGE('',*,*,#1416,.F.);
#1834=ORIENTED_EDGE('',*,*,#1407,.F.);
#1835=ORIENTED_EDGE('',*,*,#1410,.F.);
#1836=ORIENTED_EDGE('',*,*,#1413,.F.);
#1837=ORIENTED_EDGE('',*,*,#1415,.F.);
#1838=ORIENTED_EDGE('',*,*,#1401,.F.);
#1839=ORIENTED_EDGE('',*,*,#1417,.F.);
#1840=ORIENTED_EDGE('',*,*,#1418,.F.);
#1841=ORIENTED_EDGE('',*,*,#1419,.T.);
#1842=ORIENTED_EDGE('',*,*,#1420,.T.);
#1843=ORIENTED_EDGE('',*,*,#1421,.F.);
#1844=ORIENTED_EDGE('',*,*,#1420,.F.);
#1845=ORIENTED_EDGE('',*,*,#1422,.F.);
#1846=ORIENTED_EDGE('',*,*,#1423,.F.);
#1847=ORIENTED_EDGE('',*,*,#1424,.F.);
#1848=ORIENTED_EDGE('',*,*,#1425,.F.);
#1849=ORIENTED_EDGE('',*,*,#1426,.F.);
#1850=ORIENTED_EDGE('',*,*,#1427,.T.);
#1851=ORIENTED_EDGE('',*,*,#1422,.T.);
#1852=ORIENTED_EDGE('',*,*,#1419,.F.);
#1853=ORIENTED_EDGE('',*,*,#1428,.F.);
#1854=ORIENTED_EDGE('',*,*,#1429,.T.);
#1855=ORIENTED_EDGE('',*,*,#1423,.T.);
#1856=ORIENTED_EDGE('',*,*,#1427,.F.);
#1857=ORIENTED_EDGE('',*,*,#1430,.F.);
#1858=ORIENTED_EDGE('',*,*,#1431,.T.);
#1859=ORIENTED_EDGE('',*,*,#1424,.T.);
#1860=ORIENTED_EDGE('',*,*,#1429,.F.);
#1861=ORIENTED_EDGE('',*,*,#1432,.T.);
#1862=ORIENTED_EDGE('',*,*,#1425,.T.);
#1863=ORIENTED_EDGE('',*,*,#1431,.F.);
#1864=ORIENTED_EDGE('',*,*,#1433,.F.);
#1865=ORIENTED_EDGE('',*,*,#1434,.F.);
#1866=ORIENTED_EDGE('',*,*,#1435,.T.);
#1867=ORIENTED_EDGE('',*,*,#1436,.T.);
#1868=ORIENTED_EDGE('',*,*,#1437,.F.);
#1869=ORIENTED_EDGE('',*,*,#1438,.T.);
#1870=ORIENTED_EDGE('',*,*,#1439,.T.);
#1871=ORIENTED_EDGE('',*,*,#1435,.F.);
#1872=ORIENTED_EDGE('',*,*,#1440,.F.);
#1873=ORIENTED_EDGE('',*,*,#1441,.F.);
#1874=ORIENTED_EDGE('',*,*,#1442,.F.);
#1875=ORIENTED_EDGE('',*,*,#1443,.T.);
#1876=ORIENTED_EDGE('',*,*,#1444,.T.);
#1877=ORIENTED_EDGE('',*,*,#1445,.F.);
#1878=ORIENTED_EDGE('',*,*,#1446,.T.);
#1879=ORIENTED_EDGE('',*,*,#1447,.T.);
#1880=ORIENTED_EDGE('',*,*,#1443,.F.);
#1881=ORIENTED_EDGE('',*,*,#1448,.F.);
#1882=ORIENTED_EDGE('',*,*,#1437,.T.);
#1883=ORIENTED_EDGE('',*,*,#1449,.T.);
#1884=ORIENTED_EDGE('',*,*,#1446,.F.);
#1885=ORIENTED_EDGE('',*,*,#1450,.F.);
#1886=ORIENTED_EDGE('',*,*,#1444,.F.);
#1887=ORIENTED_EDGE('',*,*,#1447,.F.);
#1888=ORIENTED_EDGE('',*,*,#1449,.F.);
#1889=ORIENTED_EDGE('',*,*,#1436,.F.);
#1890=ORIENTED_EDGE('',*,*,#1439,.F.);
#1891=ORIENTED_EDGE('',*,*,#1451,.F.);
#1892=ORIENTED_EDGE('',*,*,#1452,.T.);
#1893=ORIENTED_EDGE('',*,*,#1453,.T.);
#1894=ORIENTED_EDGE('',*,*,#1454,.F.);
#1895=ORIENTED_EDGE('',*,*,#1455,.F.);
#1896=ORIENTED_EDGE('',*,*,#1456,.T.);
#1897=ORIENTED_EDGE('',*,*,#1457,.T.);
#1898=ORIENTED_EDGE('',*,*,#1452,.F.);
#1899=ORIENTED_EDGE('',*,*,#1458,.F.);
#1900=ORIENTED_EDGE('',*,*,#1459,.T.);
#1901=ORIENTED_EDGE('',*,*,#1456,.F.);
#1902=ORIENTED_EDGE('',*,*,#1460,.F.);
#1903=ORIENTED_EDGE('',*,*,#1461,.F.);
#1904=ORIENTED_EDGE('',*,*,#1462,.F.);
#1905=ORIENTED_EDGE('',*,*,#1463,.T.);
#1906=ORIENTED_EDGE('',*,*,#1464,.T.);
#1907=ORIENTED_EDGE('',*,*,#1465,.F.);
#1908=ORIENTED_EDGE('',*,*,#1454,.T.);
#1909=ORIENTED_EDGE('',*,*,#1466,.T.);
#1910=ORIENTED_EDGE('',*,*,#1463,.F.);
#1911=ORIENTED_EDGE('',*,*,#1467,.F.);
#1912=ORIENTED_EDGE('',*,*,#1464,.F.);
#1913=ORIENTED_EDGE('',*,*,#1466,.F.);
#1914=ORIENTED_EDGE('',*,*,#1453,.F.);
#1915=ORIENTED_EDGE('',*,*,#1457,.F.);
#1916=ORIENTED_EDGE('',*,*,#1459,.F.);
#1917=ORIENTED_EDGE('',*,*,#1468,.F.);
#1918=ORIENTED_EDGE('',*,*,#1469,.T.);
#1919=ORIENTED_EDGE('',*,*,#1470,.T.);
#1920=ORIENTED_EDGE('',*,*,#1471,.F.);
#1921=ORIENTED_EDGE('',*,*,#1472,.F.);
#1922=ORIENTED_EDGE('',*,*,#1473,.T.);
#1923=ORIENTED_EDGE('',*,*,#1474,.T.);
#1924=ORIENTED_EDGE('',*,*,#1469,.F.);
#1925=ORIENTED_EDGE('',*,*,#1475,.F.);
#1926=ORIENTED_EDGE('',*,*,#1476,.T.);
#1927=ORIENTED_EDGE('',*,*,#1473,.F.);
#1928=ORIENTED_EDGE('',*,*,#1477,.F.);
#1929=ORIENTED_EDGE('',*,*,#1478,.F.);
#1930=ORIENTED_EDGE('',*,*,#1479,.F.);
#1931=ORIENTED_EDGE('',*,*,#1480,.T.);
#1932=ORIENTED_EDGE('',*,*,#1481,.T.);
#1933=ORIENTED_EDGE('',*,*,#1482,.F.);
#1934=ORIENTED_EDGE('',*,*,#1471,.T.);
#1935=ORIENTED_EDGE('',*,*,#1483,.T.);
#1936=ORIENTED_EDGE('',*,*,#1480,.F.);
#1937=ORIENTED_EDGE('',*,*,#1484,.F.);
#1938=ORIENTED_EDGE('',*,*,#1481,.F.);
#1939=ORIENTED_EDGE('',*,*,#1483,.F.);
#1940=ORIENTED_EDGE('',*,*,#1470,.F.);
#1941=ORIENTED_EDGE('',*,*,#1474,.F.);
#1942=ORIENTED_EDGE('',*,*,#1476,.F.);
#1943=ORIENTED_EDGE('',*,*,#1485,.F.);
#1944=ORIENTED_EDGE('',*,*,#1486,.T.);
#1945=ORIENTED_EDGE('',*,*,#1487,.T.);
#1946=ORIENTED_EDGE('',*,*,#1488,.F.);
#1947=ORIENTED_EDGE('',*,*,#1489,.F.);
#1948=ORIENTED_EDGE('',*,*,#1490,.T.);
#1949=ORIENTED_EDGE('',*,*,#1491,.T.);
#1950=ORIENTED_EDGE('',*,*,#1486,.F.);
#1951=ORIENTED_EDGE('',*,*,#1492,.F.);
#1952=ORIENTED_EDGE('',*,*,#1493,.T.);
#1953=ORIENTED_EDGE('',*,*,#1494,.T.);
#1954=ORIENTED_EDGE('',*,*,#1490,.F.);
#1955=ORIENTED_EDGE('',*,*,#1495,.F.);
#1956=ORIENTED_EDGE('',*,*,#1496,.T.);
#1957=ORIENTED_EDGE('',*,*,#1497,.T.);
#1958=ORIENTED_EDGE('',*,*,#1493,.F.);
#1959=ORIENTED_EDGE('',*,*,#1498,.F.);
#1960=ORIENTED_EDGE('',*,*,#1499,.T.);
#1961=ORIENTED_EDGE('',*,*,#1500,.T.);
#1962=ORIENTED_EDGE('',*,*,#1496,.F.);
#1963=ORIENTED_EDGE('',*,*,#1501,.F.);
#1964=ORIENTED_EDGE('',*,*,#1502,.T.);
#1965=ORIENTED_EDGE('',*,*,#1503,.T.);
#1966=ORIENTED_EDGE('',*,*,#1499,.F.);
#1967=ORIENTED_EDGE('',*,*,#1504,.F.);
#1968=ORIENTED_EDGE('',*,*,#1505,.T.);
#1969=ORIENTED_EDGE('',*,*,#1506,.T.);
#1970=ORIENTED_EDGE('',*,*,#1502,.F.);
#1971=ORIENTED_EDGE('',*,*,#1507,.F.);
#1972=ORIENTED_EDGE('',*,*,#1508,.T.);
#1973=ORIENTED_EDGE('',*,*,#1509,.T.);
#1974=ORIENTED_EDGE('',*,*,#1505,.F.);
#1975=ORIENTED_EDGE('',*,*,#1510,.F.);
#1976=ORIENTED_EDGE('',*,*,#1511,.T.);
#1977=ORIENTED_EDGE('',*,*,#1512,.T.);
#1978=ORIENTED_EDGE('',*,*,#1508,.F.);
#1979=ORIENTED_EDGE('',*,*,#1513,.F.);
#1980=ORIENTED_EDGE('',*,*,#1514,.T.);
#1981=ORIENTED_EDGE('',*,*,#1515,.T.);
#1982=ORIENTED_EDGE('',*,*,#1511,.F.);
#1983=ORIENTED_EDGE('',*,*,#1516,.F.);
#1984=ORIENTED_EDGE('',*,*,#1517,.T.);
#1985=ORIENTED_EDGE('',*,*,#1518,.T.);
#1986=ORIENTED_EDGE('',*,*,#1514,.F.);
#1987=ORIENTED_EDGE('',*,*,#1519,.F.);
#1988=ORIENTED_EDGE('',*,*,#1520,.T.);
#1989=ORIENTED_EDGE('',*,*,#1521,.T.);
#1990=ORIENTED_EDGE('',*,*,#1517,.F.);
#1991=ORIENTED_EDGE('',*,*,#1522,.F.);
#1992=ORIENTED_EDGE('',*,*,#1523,.T.);
#1993=ORIENTED_EDGE('',*,*,#1524,.T.);
#1994=ORIENTED_EDGE('',*,*,#1520,.F.);
#1995=ORIENTED_EDGE('',*,*,#1525,.F.);
#1996=ORIENTED_EDGE('',*,*,#1526,.T.);
#1997=ORIENTED_EDGE('',*,*,#1527,.T.);
#1998=ORIENTED_EDGE('',*,*,#1523,.F.);
#1999=ORIENTED_EDGE('',*,*,#1528,.F.);
#2000=ORIENTED_EDGE('',*,*,#1529,.T.);
#2001=ORIENTED_EDGE('',*,*,#1530,.T.);
#2002=ORIENTED_EDGE('',*,*,#1526,.F.);
#2003=ORIENTED_EDGE('',*,*,#1531,.F.);
#2004=ORIENTED_EDGE('',*,*,#1488,.T.);
#2005=ORIENTED_EDGE('',*,*,#1532,.T.);
#2006=ORIENTED_EDGE('',*,*,#1529,.F.);
#2007=ORIENTED_EDGE('',*,*,#1532,.F.);
#2008=ORIENTED_EDGE('',*,*,#1487,.F.);
#2009=ORIENTED_EDGE('',*,*,#1491,.F.);
#2010=ORIENTED_EDGE('',*,*,#1494,.F.);
#2011=ORIENTED_EDGE('',*,*,#1497,.F.);
#2012=ORIENTED_EDGE('',*,*,#1500,.F.);
#2013=ORIENTED_EDGE('',*,*,#1503,.F.);
#2014=ORIENTED_EDGE('',*,*,#1506,.F.);
#2015=ORIENTED_EDGE('',*,*,#1509,.F.);
#2016=ORIENTED_EDGE('',*,*,#1512,.F.);
#2017=ORIENTED_EDGE('',*,*,#1515,.F.);
#2018=ORIENTED_EDGE('',*,*,#1518,.F.);
#2019=ORIENTED_EDGE('',*,*,#1521,.F.);
#2020=ORIENTED_EDGE('',*,*,#1524,.F.);
#2021=ORIENTED_EDGE('',*,*,#1527,.F.);
#2022=ORIENTED_EDGE('',*,*,#1530,.F.);
#2023=ORIENTED_EDGE('',*,*,#1533,.F.);
#2024=ORIENTED_EDGE('',*,*,#1534,.T.);
#2025=ORIENTED_EDGE('',*,*,#1535,.F.);
#2026=ORIENTED_EDGE('',*,*,#1536,.F.);
#2027=ORIENTED_EDGE('',*,*,#1537,.F.);
#2028=ORIENTED_EDGE('',*,*,#1538,.F.);
#2029=ORIENTED_EDGE('',*,*,#1539,.T.);
#2030=ORIENTED_EDGE('',*,*,#1540,.T.);
#2031=ORIENTED_EDGE('',*,*,#1541,.F.);
#2032=ORIENTED_EDGE('',*,*,#1542,.T.);
#2033=ORIENTED_EDGE('',*,*,#1543,.T.);
#2034=ORIENTED_EDGE('',*,*,#1539,.F.);
#2035=ORIENTED_EDGE('',*,*,#1544,.F.);
#2036=ORIENTED_EDGE('',*,*,#1545,.T.);
#2037=ORIENTED_EDGE('',*,*,#1546,.T.);
#2038=ORIENTED_EDGE('',*,*,#1542,.F.);
#2039=ORIENTED_EDGE('',*,*,#1547,.F.);
#2040=ORIENTED_EDGE('',*,*,#1535,.T.);
#2041=ORIENTED_EDGE('',*,*,#1548,.T.);
#2042=ORIENTED_EDGE('',*,*,#1545,.F.);
#2043=ORIENTED_EDGE('',*,*,#1549,.F.);
#2044=ORIENTED_EDGE('',*,*,#1540,.F.);
#2045=ORIENTED_EDGE('',*,*,#1543,.F.);
#2046=ORIENTED_EDGE('',*,*,#1546,.F.);
#2047=ORIENTED_EDGE('',*,*,#1548,.F.);
#2048=ORIENTED_EDGE('',*,*,#1534,.F.);
#2049=ORIENTED_EDGE('',*,*,#1550,.F.);
#2050=ORIENTED_EDGE('',*,*,#1551,.T.);
#2051=ORIENTED_EDGE('',*,*,#1552,.F.);
#2052=ORIENTED_EDGE('',*,*,#1553,.F.);
#2053=ORIENTED_EDGE('',*,*,#1554,.F.);
#2054=ORIENTED_EDGE('',*,*,#1555,.F.);
#2055=ORIENTED_EDGE('',*,*,#1556,.T.);
#2056=ORIENTED_EDGE('',*,*,#1557,.T.);
#2057=ORIENTED_EDGE('',*,*,#1558,.F.);
#2058=ORIENTED_EDGE('',*,*,#1559,.T.);
#2059=ORIENTED_EDGE('',*,*,#1560,.T.);
#2060=ORIENTED_EDGE('',*,*,#1556,.F.);
#2061=ORIENTED_EDGE('',*,*,#1561,.F.);
#2062=ORIENTED_EDGE('',*,*,#1562,.T.);
#2063=ORIENTED_EDGE('',*,*,#1563,.T.);
#2064=ORIENTED_EDGE('',*,*,#1559,.F.);
#2065=ORIENTED_EDGE('',*,*,#1564,.F.);
#2066=ORIENTED_EDGE('',*,*,#1552,.T.);
#2067=ORIENTED_EDGE('',*,*,#1565,.T.);
#2068=ORIENTED_EDGE('',*,*,#1562,.F.);
#2069=ORIENTED_EDGE('',*,*,#1566,.F.);
#2070=ORIENTED_EDGE('',*,*,#1557,.F.);
#2071=ORIENTED_EDGE('',*,*,#1560,.F.);
#2072=ORIENTED_EDGE('',*,*,#1563,.F.);
#2073=ORIENTED_EDGE('',*,*,#1565,.F.);
#2074=ORIENTED_EDGE('',*,*,#1551,.F.);
#2075=ORIENTED_EDGE('',*,*,#1386,.T.);
#2076=ORIENTED_EDGE('',*,*,#1397,.T.);
#2077=ORIENTED_EDGE('',*,*,#1394,.T.);
#2078=ORIENTED_EDGE('',*,*,#1391,.T.);
#2079=ORIENTED_EDGE('',*,*,#1388,.T.);
#2080=ORIENTED_EDGE('',*,*,#1567,.T.);
#2081=ORIENTED_EDGE('',*,*,#1460,.T.);
#2082=ORIENTED_EDGE('',*,*,#1455,.T.);
#2083=ORIENTED_EDGE('',*,*,#1451,.T.);
#2084=ORIENTED_EDGE('',*,*,#1465,.T.);
#2085=ORIENTED_EDGE('',*,*,#1462,.T.);
#2086=ORIENTED_EDGE('',*,*,#1568,.T.);
#2087=ORIENTED_EDGE('',*,*,#1553,.T.);
#2088=ORIENTED_EDGE('',*,*,#1564,.T.);
#2089=ORIENTED_EDGE('',*,*,#1561,.T.);
#2090=ORIENTED_EDGE('',*,*,#1558,.T.);
#2091=ORIENTED_EDGE('',*,*,#1555,.T.);
#2092=ORIENTED_EDGE('',*,*,#1569,.F.);
#2093=ORIENTED_EDGE('',*,*,#1570,.T.);
#2094=ORIENTED_EDGE('',*,*,#1571,.F.);
#2095=ORIENTED_EDGE('',*,*,#1433,.T.);
#2096=ORIENTED_EDGE('',*,*,#1430,.T.);
#2097=ORIENTED_EDGE('',*,*,#1428,.T.);
#2098=ORIENTED_EDGE('',*,*,#1426,.T.);
#2099=ORIENTED_EDGE('',*,*,#1418,.T.);
#2100=ORIENTED_EDGE('',*,*,#1572,.T.);
#2101=ORIENTED_EDGE('',*,*,#1403,.T.);
#2102=ORIENTED_EDGE('',*,*,#1414,.T.);
#2103=ORIENTED_EDGE('',*,*,#1411,.T.);
#2104=ORIENTED_EDGE('',*,*,#1408,.T.);
#2105=ORIENTED_EDGE('',*,*,#1405,.T.);
#2106=ORIENTED_EDGE('',*,*,#1573,.T.);
#2107=ORIENTED_EDGE('',*,*,#1477,.T.);
#2108=ORIENTED_EDGE('',*,*,#1472,.T.);
#2109=ORIENTED_EDGE('',*,*,#1468,.T.);
#2110=ORIENTED_EDGE('',*,*,#1482,.T.);
#2111=ORIENTED_EDGE('',*,*,#1479,.T.);
#2112=ORIENTED_EDGE('',*,*,#1574,.T.);
#2113=ORIENTED_EDGE('',*,*,#1536,.T.);
#2114=ORIENTED_EDGE('',*,*,#1547,.T.);
#2115=ORIENTED_EDGE('',*,*,#1544,.T.);
#2116=ORIENTED_EDGE('',*,*,#1541,.T.);
#2117=ORIENTED_EDGE('',*,*,#1538,.T.);
#2118=ORIENTED_EDGE('',*,*,#1575,.F.);
#2119=ORIENTED_EDGE('',*,*,#1576,.T.);
#2120=ORIENTED_EDGE('',*,*,#1577,.F.);
#2121=ORIENTED_EDGE('',*,*,#1440,.T.);
#2122=ORIENTED_EDGE('',*,*,#1434,.T.);
#2123=ORIENTED_EDGE('',*,*,#1448,.T.);
#2124=ORIENTED_EDGE('',*,*,#1445,.T.);
#2125=ORIENTED_EDGE('',*,*,#1442,.T.);
#2126=ORIENTED_EDGE('',*,*,#1578,.T.);
#2127=ORIENTED_EDGE('',*,*,#1485,.T.);
#2128=ORIENTED_EDGE('',*,*,#1531,.T.);
#2129=ORIENTED_EDGE('',*,*,#1528,.T.);
#2130=ORIENTED_EDGE('',*,*,#1525,.T.);
#2131=ORIENTED_EDGE('',*,*,#1522,.T.);
#2132=ORIENTED_EDGE('',*,*,#1519,.T.);
#2133=ORIENTED_EDGE('',*,*,#1516,.T.);
#2134=ORIENTED_EDGE('',*,*,#1513,.T.);
#2135=ORIENTED_EDGE('',*,*,#1510,.T.);
#2136=ORIENTED_EDGE('',*,*,#1507,.T.);
#2137=ORIENTED_EDGE('',*,*,#1504,.T.);
#2138=ORIENTED_EDGE('',*,*,#1501,.T.);
#2139=ORIENTED_EDGE('',*,*,#1498,.T.);
#2140=ORIENTED_EDGE('',*,*,#1495,.T.);
#2141=ORIENTED_EDGE('',*,*,#1492,.T.);
#2142=ORIENTED_EDGE('',*,*,#1489,.T.);
#2143=ORIENTED_EDGE('',*,*,#1383,.T.);
#2144=ORIENTED_EDGE('',*,*,#1578,.F.);
#2145=ORIENTED_EDGE('',*,*,#1441,.T.);
#2146=ORIENTED_EDGE('',*,*,#1450,.T.);
#2147=ORIENTED_EDGE('',*,*,#1579,.T.);
#2148=ORIENTED_EDGE('',*,*,#1580,.F.);
#2149=ORIENTED_EDGE('',*,*,#1581,.F.);
#2150=ORIENTED_EDGE('',*,*,#1566,.T.);
#2151=ORIENTED_EDGE('',*,*,#1550,.T.);
#2152=ORIENTED_EDGE('',*,*,#1568,.F.);
#2153=ORIENTED_EDGE('',*,*,#1461,.T.);
#2154=ORIENTED_EDGE('',*,*,#1467,.T.);
#2155=ORIENTED_EDGE('',*,*,#1458,.T.);
#2156=ORIENTED_EDGE('',*,*,#1567,.F.);
#2157=ORIENTED_EDGE('',*,*,#1387,.T.);
#2158=ORIENTED_EDGE('',*,*,#1399,.T.);
#2159=ORIENTED_EDGE('',*,*,#1569,.T.);
#2160=ORIENTED_EDGE('',*,*,#1554,.T.);
#2161=ORIENTED_EDGE('',*,*,#1581,.T.);
#2162=ORIENTED_EDGE('',*,*,#1582,.F.);
#2163=ORIENTED_EDGE('',*,*,#1583,.F.);
#2164=ORIENTED_EDGE('',*,*,#1570,.F.);
#2165=ORIENTED_EDGE('',*,*,#1583,.T.);
#2166=ORIENTED_EDGE('',*,*,#1584,.F.);
#2167=ORIENTED_EDGE('',*,*,#1585,.F.);
#2168=ORIENTED_EDGE('',*,*,#1571,.T.);
#2169=ORIENTED_EDGE('',*,*,#1585,.T.);
#2170=ORIENTED_EDGE('',*,*,#1586,.F.);
#2171=ORIENTED_EDGE('',*,*,#1587,.F.);
#2172=ORIENTED_EDGE('',*,*,#1432,.F.);
#2173=ORIENTED_EDGE('',*,*,#1400,.T.);
#2174=ORIENTED_EDGE('',*,*,#1572,.F.);
#2175=ORIENTED_EDGE('',*,*,#1417,.T.);
#2176=ORIENTED_EDGE('',*,*,#1421,.T.);
#2177=ORIENTED_EDGE('',*,*,#1587,.T.);
#2178=ORIENTED_EDGE('',*,*,#1588,.F.);
#2179=ORIENTED_EDGE('',*,*,#1589,.F.);
#2180=ORIENTED_EDGE('',*,*,#1549,.T.);
#2181=ORIENTED_EDGE('',*,*,#1533,.T.);
#2182=ORIENTED_EDGE('',*,*,#1574,.F.);
#2183=ORIENTED_EDGE('',*,*,#1478,.T.);
#2184=ORIENTED_EDGE('',*,*,#1484,.T.);
#2185=ORIENTED_EDGE('',*,*,#1475,.T.);
#2186=ORIENTED_EDGE('',*,*,#1573,.F.);
#2187=ORIENTED_EDGE('',*,*,#1404,.T.);
#2188=ORIENTED_EDGE('',*,*,#1416,.T.);
#2189=ORIENTED_EDGE('',*,*,#1575,.T.);
#2190=ORIENTED_EDGE('',*,*,#1537,.T.);
#2191=ORIENTED_EDGE('',*,*,#1589,.T.);
#2192=ORIENTED_EDGE('',*,*,#1590,.F.);
#2193=ORIENTED_EDGE('',*,*,#1591,.F.);
#2194=ORIENTED_EDGE('',*,*,#1576,.F.);
#2195=ORIENTED_EDGE('',*,*,#1591,.T.);
#2196=ORIENTED_EDGE('',*,*,#1592,.F.);
#2197=ORIENTED_EDGE('',*,*,#1593,.F.);
#2198=ORIENTED_EDGE('',*,*,#1577,.T.);
#2199=ORIENTED_EDGE('',*,*,#1593,.T.);
#2200=ORIENTED_EDGE('',*,*,#1594,.F.);
#2201=ORIENTED_EDGE('',*,*,#1579,.F.);
#2202=ORIENTED_EDGE('',*,*,#1438,.F.);
#2203=ORIENTED_EDGE('',*,*,#1594,.T.);
#2204=ORIENTED_EDGE('',*,*,#1592,.T.);
#2205=ORIENTED_EDGE('',*,*,#1590,.T.);
#2206=ORIENTED_EDGE('',*,*,#1588,.T.);
#2207=ORIENTED_EDGE('',*,*,#1586,.T.);
#2208=ORIENTED_EDGE('',*,*,#1584,.T.);
#2209=ORIENTED_EDGE('',*,*,#1582,.T.);
#2210=ORIENTED_EDGE('',*,*,#1580,.T.);
#2211=ORIENTED_EDGE('',*,*,#1595,.F.);
#2212=ORIENTED_EDGE('',*,*,#1596,.T.);
#2213=ORIENTED_EDGE('',*,*,#1597,.F.);
#2214=ORIENTED_EDGE('',*,*,#1598,.F.);
#2215=ORIENTED_EDGE('',*,*,#1599,.F.);
#2216=ORIENTED_EDGE('',*,*,#1598,.T.);
#2217=ORIENTED_EDGE('',*,*,#1600,.F.);
#2218=ORIENTED_EDGE('',*,*,#1601,.F.);
#2219=ORIENTED_EDGE('',*,*,#1602,.F.);
#2220=ORIENTED_EDGE('',*,*,#1601,.T.);
#2221=ORIENTED_EDGE('',*,*,#1603,.F.);
#2222=ORIENTED_EDGE('',*,*,#1604,.F.);
#2223=ORIENTED_EDGE('',*,*,#1605,.T.);
#2224=ORIENTED_EDGE('',*,*,#1604,.T.);
#2225=ORIENTED_EDGE('',*,*,#1606,.F.);
#2226=ORIENTED_EDGE('',*,*,#1607,.F.);
#2227=ORIENTED_EDGE('',*,*,#1608,.F.);
#2228=ORIENTED_EDGE('',*,*,#1607,.T.);
#2229=ORIENTED_EDGE('',*,*,#1609,.F.);
#2230=ORIENTED_EDGE('',*,*,#1610,.F.);
#2231=ORIENTED_EDGE('',*,*,#1611,.T.);
#2232=ORIENTED_EDGE('',*,*,#1610,.T.);
#2233=ORIENTED_EDGE('',*,*,#1612,.F.);
#2234=ORIENTED_EDGE('',*,*,#1596,.F.);
#2235=ORIENTED_EDGE('',*,*,#1612,.T.);
#2236=ORIENTED_EDGE('',*,*,#1609,.T.);
#2237=ORIENTED_EDGE('',*,*,#1606,.T.);
#2238=ORIENTED_EDGE('',*,*,#1603,.T.);
#2239=ORIENTED_EDGE('',*,*,#1600,.T.);
#2240=ORIENTED_EDGE('',*,*,#1597,.T.);
#2241=ORIENTED_EDGE('',*,*,#1611,.F.);
#2242=ORIENTED_EDGE('',*,*,#1595,.T.);
#2243=ORIENTED_EDGE('',*,*,#1599,.T.);
#2244=ORIENTED_EDGE('',*,*,#1602,.T.);
#2245=ORIENTED_EDGE('',*,*,#1605,.F.);
#2246=ORIENTED_EDGE('',*,*,#1608,.T.);
#2247=ORIENTED_EDGE('',*,*,#1613,.F.);
#2248=ORIENTED_EDGE('',*,*,#1614,.T.);
#2249=ORIENTED_EDGE('',*,*,#1615,.F.);
#2250=ORIENTED_EDGE('',*,*,#1616,.F.);
#2251=ORIENTED_EDGE('',*,*,#1617,.F.);
#2252=ORIENTED_EDGE('',*,*,#1616,.T.);
#2253=ORIENTED_EDGE('',*,*,#1618,.F.);
#2254=ORIENTED_EDGE('',*,*,#1619,.F.);
#2255=ORIENTED_EDGE('',*,*,#1620,.F.);
#2256=ORIENTED_EDGE('',*,*,#1619,.T.);
#2257=ORIENTED_EDGE('',*,*,#1621,.F.);
#2258=ORIENTED_EDGE('',*,*,#1622,.F.);
#2259=ORIENTED_EDGE('',*,*,#1623,.T.);
#2260=ORIENTED_EDGE('',*,*,#1622,.T.);
#2261=ORIENTED_EDGE('',*,*,#1624,.F.);
#2262=ORIENTED_EDGE('',*,*,#1625,.F.);
#2263=ORIENTED_EDGE('',*,*,#1626,.F.);
#2264=ORIENTED_EDGE('',*,*,#1625,.T.);
#2265=ORIENTED_EDGE('',*,*,#1627,.F.);
#2266=ORIENTED_EDGE('',*,*,#1628,.F.);
#2267=ORIENTED_EDGE('',*,*,#1629,.T.);
#2268=ORIENTED_EDGE('',*,*,#1628,.T.);
#2269=ORIENTED_EDGE('',*,*,#1630,.F.);
#2270=ORIENTED_EDGE('',*,*,#1614,.F.);
#2271=ORIENTED_EDGE('',*,*,#1630,.T.);
#2272=ORIENTED_EDGE('',*,*,#1627,.T.);
#2273=ORIENTED_EDGE('',*,*,#1624,.T.);
#2274=ORIENTED_EDGE('',*,*,#1621,.T.);
#2275=ORIENTED_EDGE('',*,*,#1618,.T.);
#2276=ORIENTED_EDGE('',*,*,#1615,.T.);
#2277=ORIENTED_EDGE('',*,*,#1629,.F.);
#2278=ORIENTED_EDGE('',*,*,#1613,.T.);
#2279=ORIENTED_EDGE('',*,*,#1617,.T.);
#2280=ORIENTED_EDGE('',*,*,#1620,.T.);
#2281=ORIENTED_EDGE('',*,*,#1623,.F.);
#2282=ORIENTED_EDGE('',*,*,#1626,.T.);
#2283=ORIENTED_EDGE('',*,*,#1631,.T.);
#2284=ORIENTED_EDGE('',*,*,#1632,.T.);
#2285=ORIENTED_EDGE('',*,*,#1633,.F.);
#2286=ORIENTED_EDGE('',*,*,#1634,.F.);
#2287=ORIENTED_EDGE('',*,*,#1635,.T.);
#2288=ORIENTED_EDGE('',*,*,#1634,.T.);
#2289=ORIENTED_EDGE('',*,*,#1636,.F.);
#2290=ORIENTED_EDGE('',*,*,#1637,.F.);
#2291=ORIENTED_EDGE('',*,*,#1638,.T.);
#2292=ORIENTED_EDGE('',*,*,#1637,.T.);
#2293=ORIENTED_EDGE('',*,*,#1639,.F.);
#2294=ORIENTED_EDGE('',*,*,#1640,.F.);
#2295=ORIENTED_EDGE('',*,*,#1641,.T.);
#2296=ORIENTED_EDGE('',*,*,#1640,.T.);
#2297=ORIENTED_EDGE('',*,*,#1642,.F.);
#2298=ORIENTED_EDGE('',*,*,#1643,.F.);
#2299=ORIENTED_EDGE('',*,*,#1644,.T.);
#2300=ORIENTED_EDGE('',*,*,#1643,.T.);
#2301=ORIENTED_EDGE('',*,*,#1645,.F.);
#2302=ORIENTED_EDGE('',*,*,#1646,.F.);
#2303=ORIENTED_EDGE('',*,*,#1647,.T.);
#2304=ORIENTED_EDGE('',*,*,#1646,.T.);
#2305=ORIENTED_EDGE('',*,*,#1648,.F.);
#2306=ORIENTED_EDGE('',*,*,#1632,.F.);
#2307=ORIENTED_EDGE('',*,*,#1648,.T.);
#2308=ORIENTED_EDGE('',*,*,#1645,.T.);
#2309=ORIENTED_EDGE('',*,*,#1642,.T.);
#2310=ORIENTED_EDGE('',*,*,#1639,.T.);
#2311=ORIENTED_EDGE('',*,*,#1636,.T.);
#2312=ORIENTED_EDGE('',*,*,#1633,.T.);
#2313=ORIENTED_EDGE('',*,*,#1647,.F.);
#2314=ORIENTED_EDGE('',*,*,#1631,.F.);
#2315=ORIENTED_EDGE('',*,*,#1635,.F.);
#2316=ORIENTED_EDGE('',*,*,#1638,.F.);
#2317=ORIENTED_EDGE('',*,*,#1641,.F.);
#2318=ORIENTED_EDGE('',*,*,#1644,.F.);
#2319=ORIENTED_EDGE('',*,*,#1649,.T.);
#2320=ORIENTED_EDGE('',*,*,#1650,.T.);
#2321=ORIENTED_EDGE('',*,*,#1651,.F.);
#2322=ORIENTED_EDGE('',*,*,#1652,.F.);
#2323=ORIENTED_EDGE('',*,*,#1653,.T.);
#2324=ORIENTED_EDGE('',*,*,#1652,.T.);
#2325=ORIENTED_EDGE('',*,*,#1654,.F.);
#2326=ORIENTED_EDGE('',*,*,#1655,.F.);
#2327=ORIENTED_EDGE('',*,*,#1656,.T.);
#2328=ORIENTED_EDGE('',*,*,#1655,.T.);
#2329=ORIENTED_EDGE('',*,*,#1657,.F.);
#2330=ORIENTED_EDGE('',*,*,#1658,.F.);
#2331=ORIENTED_EDGE('',*,*,#1659,.T.);
#2332=ORIENTED_EDGE('',*,*,#1658,.T.);
#2333=ORIENTED_EDGE('',*,*,#1660,.F.);
#2334=ORIENTED_EDGE('',*,*,#1661,.F.);
#2335=ORIENTED_EDGE('',*,*,#1662,.T.);
#2336=ORIENTED_EDGE('',*,*,#1661,.T.);
#2337=ORIENTED_EDGE('',*,*,#1663,.F.);
#2338=ORIENTED_EDGE('',*,*,#1664,.F.);
#2339=ORIENTED_EDGE('',*,*,#1665,.T.);
#2340=ORIENTED_EDGE('',*,*,#1664,.T.);
#2341=ORIENTED_EDGE('',*,*,#1666,.F.);
#2342=ORIENTED_EDGE('',*,*,#1650,.F.);
#2343=ORIENTED_EDGE('',*,*,#1666,.T.);
#2344=ORIENTED_EDGE('',*,*,#1663,.T.);
#2345=ORIENTED_EDGE('',*,*,#1660,.T.);
#2346=ORIENTED_EDGE('',*,*,#1657,.T.);
#2347=ORIENTED_EDGE('',*,*,#1654,.T.);
#2348=ORIENTED_EDGE('',*,*,#1651,.T.);
#2349=ORIENTED_EDGE('',*,*,#1665,.F.);
#2350=ORIENTED_EDGE('',*,*,#1649,.F.);
#2351=ORIENTED_EDGE('',*,*,#1653,.F.);
#2352=ORIENTED_EDGE('',*,*,#1656,.F.);
#2353=ORIENTED_EDGE('',*,*,#1659,.F.);
#2354=ORIENTED_EDGE('',*,*,#1662,.F.);
#2355=ORIENTED_EDGE('',*,*,#1667,.T.);
#2356=ORIENTED_EDGE('',*,*,#1668,.T.);
#2357=ORIENTED_EDGE('',*,*,#1669,.F.);
#2358=ORIENTED_EDGE('',*,*,#1670,.F.);
#2359=ORIENTED_EDGE('',*,*,#1671,.T.);
#2360=ORIENTED_EDGE('',*,*,#1670,.T.);
#2361=ORIENTED_EDGE('',*,*,#1672,.F.);
#2362=ORIENTED_EDGE('',*,*,#1673,.F.);
#2363=ORIENTED_EDGE('',*,*,#1674,.T.);
#2364=ORIENTED_EDGE('',*,*,#1673,.T.);
#2365=ORIENTED_EDGE('',*,*,#1675,.F.);
#2366=ORIENTED_EDGE('',*,*,#1676,.F.);
#2367=ORIENTED_EDGE('',*,*,#1677,.T.);
#2368=ORIENTED_EDGE('',*,*,#1676,.T.);
#2369=ORIENTED_EDGE('',*,*,#1678,.F.);
#2370=ORIENTED_EDGE('',*,*,#1679,.F.);
#2371=ORIENTED_EDGE('',*,*,#1680,.T.);
#2372=ORIENTED_EDGE('',*,*,#1679,.T.);
#2373=ORIENTED_EDGE('',*,*,#1681,.F.);
#2374=ORIENTED_EDGE('',*,*,#1682,.F.);
#2375=ORIENTED_EDGE('',*,*,#1683,.T.);
#2376=ORIENTED_EDGE('',*,*,#1682,.T.);
#2377=ORIENTED_EDGE('',*,*,#1684,.F.);
#2378=ORIENTED_EDGE('',*,*,#1668,.F.);
#2379=ORIENTED_EDGE('',*,*,#1684,.T.);
#2380=ORIENTED_EDGE('',*,*,#1681,.T.);
#2381=ORIENTED_EDGE('',*,*,#1678,.T.);
#2382=ORIENTED_EDGE('',*,*,#1675,.T.);
#2383=ORIENTED_EDGE('',*,*,#1672,.T.);
#2384=ORIENTED_EDGE('',*,*,#1669,.T.);
#2385=ORIENTED_EDGE('',*,*,#1683,.F.);
#2386=ORIENTED_EDGE('',*,*,#1667,.F.);
#2387=ORIENTED_EDGE('',*,*,#1671,.F.);
#2388=ORIENTED_EDGE('',*,*,#1674,.F.);
#2389=ORIENTED_EDGE('',*,*,#1677,.F.);
#2390=ORIENTED_EDGE('',*,*,#1680,.F.);
#2391=ORIENTED_EDGE('',*,*,#1685,.T.);
#2392=ORIENTED_EDGE('',*,*,#1686,.T.);
#2393=ORIENTED_EDGE('',*,*,#1687,.F.);
#2394=ORIENTED_EDGE('',*,*,#1688,.F.);
#2395=ORIENTED_EDGE('',*,*,#1689,.T.);
#2396=ORIENTED_EDGE('',*,*,#1688,.T.);
#2397=ORIENTED_EDGE('',*,*,#1690,.F.);
#2398=ORIENTED_EDGE('',*,*,#1691,.F.);
#2399=ORIENTED_EDGE('',*,*,#1692,.T.);
#2400=ORIENTED_EDGE('',*,*,#1691,.T.);
#2401=ORIENTED_EDGE('',*,*,#1693,.F.);
#2402=ORIENTED_EDGE('',*,*,#1694,.F.);
#2403=ORIENTED_EDGE('',*,*,#1695,.T.);
#2404=ORIENTED_EDGE('',*,*,#1694,.T.);
#2405=ORIENTED_EDGE('',*,*,#1696,.F.);
#2406=ORIENTED_EDGE('',*,*,#1697,.F.);
#2407=ORIENTED_EDGE('',*,*,#1698,.T.);
#2408=ORIENTED_EDGE('',*,*,#1697,.T.);
#2409=ORIENTED_EDGE('',*,*,#1699,.F.);
#2410=ORIENTED_EDGE('',*,*,#1700,.F.);
#2411=ORIENTED_EDGE('',*,*,#1701,.T.);
#2412=ORIENTED_EDGE('',*,*,#1700,.T.);
#2413=ORIENTED_EDGE('',*,*,#1702,.F.);
#2414=ORIENTED_EDGE('',*,*,#1686,.F.);
#2415=ORIENTED_EDGE('',*,*,#1702,.T.);
#2416=ORIENTED_EDGE('',*,*,#1699,.T.);
#2417=ORIENTED_EDGE('',*,*,#1696,.T.);
#2418=ORIENTED_EDGE('',*,*,#1693,.T.);
#2419=ORIENTED_EDGE('',*,*,#1690,.T.);
#2420=ORIENTED_EDGE('',*,*,#1687,.T.);
#2421=ORIENTED_EDGE('',*,*,#1701,.F.);
#2422=ORIENTED_EDGE('',*,*,#1685,.F.);
#2423=ORIENTED_EDGE('',*,*,#1689,.F.);
#2424=ORIENTED_EDGE('',*,*,#1692,.F.);
#2425=ORIENTED_EDGE('',*,*,#1695,.F.);
#2426=ORIENTED_EDGE('',*,*,#1698,.F.);
#2427=ORIENTED_EDGE('',*,*,#1703,.T.);
#2428=ORIENTED_EDGE('',*,*,#1704,.T.);
#2429=ORIENTED_EDGE('',*,*,#1705,.F.);
#2430=ORIENTED_EDGE('',*,*,#1706,.F.);
#2431=ORIENTED_EDGE('',*,*,#1707,.T.);
#2432=ORIENTED_EDGE('',*,*,#1706,.T.);
#2433=ORIENTED_EDGE('',*,*,#1708,.F.);
#2434=ORIENTED_EDGE('',*,*,#1709,.F.);
#2435=ORIENTED_EDGE('',*,*,#1710,.T.);
#2436=ORIENTED_EDGE('',*,*,#1709,.T.);
#2437=ORIENTED_EDGE('',*,*,#1711,.F.);
#2438=ORIENTED_EDGE('',*,*,#1712,.F.);
#2439=ORIENTED_EDGE('',*,*,#1713,.T.);
#2440=ORIENTED_EDGE('',*,*,#1712,.T.);
#2441=ORIENTED_EDGE('',*,*,#1714,.F.);
#2442=ORIENTED_EDGE('',*,*,#1715,.F.);
#2443=ORIENTED_EDGE('',*,*,#1716,.T.);
#2444=ORIENTED_EDGE('',*,*,#1715,.T.);
#2445=ORIENTED_EDGE('',*,*,#1717,.F.);
#2446=ORIENTED_EDGE('',*,*,#1718,.F.);
#2447=ORIENTED_EDGE('',*,*,#1719,.T.);
#2448=ORIENTED_EDGE('',*,*,#1718,.T.);
#2449=ORIENTED_EDGE('',*,*,#1720,.F.);
#2450=ORIENTED_EDGE('',*,*,#1721,.F.);
#2451=ORIENTED_EDGE('',*,*,#1722,.T.);
#2452=ORIENTED_EDGE('',*,*,#1721,.T.);
#2453=ORIENTED_EDGE('',*,*,#1723,.F.);
#2454=ORIENTED_EDGE('',*,*,#1724,.F.);
#2455=ORIENTED_EDGE('',*,*,#1725,.T.);
#2456=ORIENTED_EDGE('',*,*,#1724,.T.);
#2457=ORIENTED_EDGE('',*,*,#1726,.F.);
#2458=ORIENTED_EDGE('',*,*,#1727,.F.);
#2459=ORIENTED_EDGE('',*,*,#1728,.T.);
#2460=ORIENTED_EDGE('',*,*,#1727,.T.);
#2461=ORIENTED_EDGE('',*,*,#1729,.F.);
#2462=ORIENTED_EDGE('',*,*,#1730,.F.);
#2463=ORIENTED_EDGE('',*,*,#1731,.T.);
#2464=ORIENTED_EDGE('',*,*,#1730,.T.);
#2465=ORIENTED_EDGE('',*,*,#1732,.F.);
#2466=ORIENTED_EDGE('',*,*,#1733,.F.);
#2467=ORIENTED_EDGE('',*,*,#1734,.T.);
#2468=ORIENTED_EDGE('',*,*,#1733,.T.);
#2469=ORIENTED_EDGE('',*,*,#1735,.F.);
#2470=ORIENTED_EDGE('',*,*,#1736,.F.);
#2471=ORIENTED_EDGE('',*,*,#1737,.T.);
#2472=ORIENTED_EDGE('',*,*,#1736,.T.);
#2473=ORIENTED_EDGE('',*,*,#1738,.F.);
#2474=ORIENTED_EDGE('',*,*,#1739,.F.);
#2475=ORIENTED_EDGE('',*,*,#1740,.T.);
#2476=ORIENTED_EDGE('',*,*,#1739,.T.);
#2477=ORIENTED_EDGE('',*,*,#1741,.F.);
#2478=ORIENTED_EDGE('',*,*,#1742,.F.);
#2479=ORIENTED_EDGE('',*,*,#1743,.T.);
#2480=ORIENTED_EDGE('',*,*,#1742,.T.);
#2481=ORIENTED_EDGE('',*,*,#1744,.F.);
#2482=ORIENTED_EDGE('',*,*,#1745,.F.);
#2483=ORIENTED_EDGE('',*,*,#1746,.T.);
#2484=ORIENTED_EDGE('',*,*,#1745,.T.);
#2485=ORIENTED_EDGE('',*,*,#1747,.F.);
#2486=ORIENTED_EDGE('',*,*,#1748,.F.);
#2487=ORIENTED_EDGE('',*,*,#1749,.T.);
#2488=ORIENTED_EDGE('',*,*,#1748,.T.);
#2489=ORIENTED_EDGE('',*,*,#1750,.F.);
#2490=ORIENTED_EDGE('',*,*,#1704,.F.);
#2491=ORIENTED_EDGE('',*,*,#1750,.T.);
#2492=ORIENTED_EDGE('',*,*,#1747,.T.);
#2493=ORIENTED_EDGE('',*,*,#1744,.T.);
#2494=ORIENTED_EDGE('',*,*,#1741,.T.);
#2495=ORIENTED_EDGE('',*,*,#1738,.T.);
#2496=ORIENTED_EDGE('',*,*,#1735,.T.);
#2497=ORIENTED_EDGE('',*,*,#1732,.T.);
#2498=ORIENTED_EDGE('',*,*,#1729,.T.);
#2499=ORIENTED_EDGE('',*,*,#1726,.T.);
#2500=ORIENTED_EDGE('',*,*,#1723,.T.);
#2501=ORIENTED_EDGE('',*,*,#1720,.T.);
#2502=ORIENTED_EDGE('',*,*,#1717,.T.);
#2503=ORIENTED_EDGE('',*,*,#1714,.T.);
#2504=ORIENTED_EDGE('',*,*,#1711,.T.);
#2505=ORIENTED_EDGE('',*,*,#1708,.T.);
#2506=ORIENTED_EDGE('',*,*,#1705,.T.);
#2507=ORIENTED_EDGE('',*,*,#1749,.F.);
#2508=ORIENTED_EDGE('',*,*,#1703,.F.);
#2509=ORIENTED_EDGE('',*,*,#1707,.F.);
#2510=ORIENTED_EDGE('',*,*,#1710,.F.);
#2511=ORIENTED_EDGE('',*,*,#1713,.F.);
#2512=ORIENTED_EDGE('',*,*,#1716,.F.);
#2513=ORIENTED_EDGE('',*,*,#1719,.F.);
#2514=ORIENTED_EDGE('',*,*,#1722,.F.);
#2515=ORIENTED_EDGE('',*,*,#1725,.F.);
#2516=ORIENTED_EDGE('',*,*,#1728,.F.);
#2517=ORIENTED_EDGE('',*,*,#1731,.F.);
#2518=ORIENTED_EDGE('',*,*,#1734,.F.);
#2519=ORIENTED_EDGE('',*,*,#1737,.F.);
#2520=ORIENTED_EDGE('',*,*,#1740,.F.);
#2521=ORIENTED_EDGE('',*,*,#1743,.F.);
#2522=ORIENTED_EDGE('',*,*,#1746,.F.);
#2523=ORIENTED_EDGE('',*,*,#1751,.F.);
#2524=ORIENTED_EDGE('',*,*,#1752,.T.);
#2525=ORIENTED_EDGE('',*,*,#1753,.F.);
#2526=ORIENTED_EDGE('',*,*,#1754,.F.);
#2527=ORIENTED_EDGE('',*,*,#1755,.F.);
#2528=ORIENTED_EDGE('',*,*,#1754,.T.);
#2529=ORIENTED_EDGE('',*,*,#1756,.F.);
#2530=ORIENTED_EDGE('',*,*,#1757,.F.);
#2531=ORIENTED_EDGE('',*,*,#1758,.F.);
#2532=ORIENTED_EDGE('',*,*,#1757,.T.);
#2533=ORIENTED_EDGE('',*,*,#1759,.F.);
#2534=ORIENTED_EDGE('',*,*,#1760,.F.);
#2535=ORIENTED_EDGE('',*,*,#1761,.T.);
#2536=ORIENTED_EDGE('',*,*,#1760,.T.);
#2537=ORIENTED_EDGE('',*,*,#1762,.F.);
#2538=ORIENTED_EDGE('',*,*,#1763,.F.);
#2539=ORIENTED_EDGE('',*,*,#1764,.F.);
#2540=ORIENTED_EDGE('',*,*,#1763,.T.);
#2541=ORIENTED_EDGE('',*,*,#1765,.F.);
#2542=ORIENTED_EDGE('',*,*,#1766,.F.);
#2543=ORIENTED_EDGE('',*,*,#1767,.T.);
#2544=ORIENTED_EDGE('',*,*,#1766,.T.);
#2545=ORIENTED_EDGE('',*,*,#1768,.F.);
#2546=ORIENTED_EDGE('',*,*,#1752,.F.);
#2547=ORIENTED_EDGE('',*,*,#1768,.T.);
#2548=ORIENTED_EDGE('',*,*,#1765,.T.);
#2549=ORIENTED_EDGE('',*,*,#1762,.T.);
#2550=ORIENTED_EDGE('',*,*,#1759,.T.);
#2551=ORIENTED_EDGE('',*,*,#1756,.T.);
#2552=ORIENTED_EDGE('',*,*,#1753,.T.);
#2553=ORIENTED_EDGE('',*,*,#1767,.F.);
#2554=ORIENTED_EDGE('',*,*,#1751,.T.);
#2555=ORIENTED_EDGE('',*,*,#1755,.T.);
#2556=ORIENTED_EDGE('',*,*,#1758,.T.);
#2557=ORIENTED_EDGE('',*,*,#1761,.F.);
#2558=ORIENTED_EDGE('',*,*,#1764,.T.);
#2559=ORIENTED_EDGE('',*,*,#1769,.F.);
#2560=ORIENTED_EDGE('',*,*,#1770,.T.);
#2561=ORIENTED_EDGE('',*,*,#1771,.F.);
#2562=ORIENTED_EDGE('',*,*,#1772,.F.);
#2563=ORIENTED_EDGE('',*,*,#1773,.F.);
#2564=ORIENTED_EDGE('',*,*,#1772,.T.);
#2565=ORIENTED_EDGE('',*,*,#1774,.F.);
#2566=ORIENTED_EDGE('',*,*,#1775,.F.);
#2567=ORIENTED_EDGE('',*,*,#1776,.F.);
#2568=ORIENTED_EDGE('',*,*,#1775,.T.);
#2569=ORIENTED_EDGE('',*,*,#1777,.F.);
#2570=ORIENTED_EDGE('',*,*,#1778,.F.);
#2571=ORIENTED_EDGE('',*,*,#1779,.T.);
#2572=ORIENTED_EDGE('',*,*,#1778,.T.);
#2573=ORIENTED_EDGE('',*,*,#1780,.F.);
#2574=ORIENTED_EDGE('',*,*,#1781,.F.);
#2575=ORIENTED_EDGE('',*,*,#1782,.F.);
#2576=ORIENTED_EDGE('',*,*,#1781,.T.);
#2577=ORIENTED_EDGE('',*,*,#1783,.F.);
#2578=ORIENTED_EDGE('',*,*,#1784,.F.);
#2579=ORIENTED_EDGE('',*,*,#1785,.T.);
#2580=ORIENTED_EDGE('',*,*,#1784,.T.);
#2581=ORIENTED_EDGE('',*,*,#1786,.F.);
#2582=ORIENTED_EDGE('',*,*,#1770,.F.);
#2583=ORIENTED_EDGE('',*,*,#1786,.T.);
#2584=ORIENTED_EDGE('',*,*,#1783,.T.);
#2585=ORIENTED_EDGE('',*,*,#1780,.T.);
#2586=ORIENTED_EDGE('',*,*,#1777,.T.);
#2587=ORIENTED_EDGE('',*,*,#1774,.T.);
#2588=ORIENTED_EDGE('',*,*,#1771,.T.);
#2589=ORIENTED_EDGE('',*,*,#1785,.F.);
#2590=ORIENTED_EDGE('',*,*,#1769,.T.);
#2591=ORIENTED_EDGE('',*,*,#1773,.T.);
#2592=ORIENTED_EDGE('',*,*,#1776,.T.);
#2593=ORIENTED_EDGE('',*,*,#1779,.F.);
#2594=ORIENTED_EDGE('',*,*,#1782,.T.);
#2595=PLANE('',#2890);
#2596=PLANE('',#2891);
#2597=PLANE('',#2895);
#2598=PLANE('',#2899);
#2599=PLANE('',#2900);
#2600=PLANE('',#2901);
#2601=PLANE('',#2905);
#2602=PLANE('',#2909);
#2603=PLANE('',#2910);
#2604=PLANE('',#2911);
#2605=PLANE('',#2916);
#2606=PLANE('',#2919);
#2607=PLANE('',#2923);
#2608=PLANE('',#2924);
#2609=PLANE('',#2928);
#2610=PLANE('',#2929);
#2611=PLANE('',#2930);
#2612=PLANE('',#2934);
#2613=PLANE('',#2935);
#2614=PLANE('',#2939);
#2615=PLANE('',#2940);
#2616=PLANE('',#2944);
#2617=PLANE('',#2945);
#2618=PLANE('',#2949);
#2619=PLANE('',#2950);
#2620=PLANE('',#2951);
#2621=PLANE('',#2952);
#2622=PLANE('',#2953);
#2623=PLANE('',#2957);
#2624=PLANE('',#2961);
#2625=PLANE('',#2962);
#2626=PLANE('',#2963);
#2627=PLANE('',#2964);
#2628=PLANE('',#2965);
#2629=PLANE('',#2969);
#2630=PLANE('',#2970);
#2631=PLANE('',#2971);
#2632=PLANE('',#2972);
#2633=PLANE('',#2973);
#2634=PLANE('',#2974);
#2635=PLANE('',#2978);
#2636=PLANE('',#2982);
#2637=PLANE('',#2983);
#2638=PLANE('',#2984);
#2639=PLANE('',#2988);
#2640=PLANE('',#2992);
#2641=PLANE('',#2993);
#2642=PLANE('',#2998);
#2643=PLANE('',#3001);
#2644=PLANE('',#3004);
#2645=PLANE('',#3007);
#2646=PLANE('',#3010);
#2647=PLANE('',#3011);
#2648=PLANE('',#3012);
#2649=PLANE('',#3013);
#2650=PLANE('',#3017);
#2651=PLANE('',#3021);
#2652=PLANE('',#3022);
#2653=PLANE('',#3023);
#2654=PLANE('',#3024);
#2655=PLANE('',#3025);
#2656=PLANE('',#3029);
#2657=PLANE('',#3033);
#2658=PLANE('',#3034);
#2659=PLANE('',#3035);
#2660=PLANE('',#3039);
#2661=PLANE('',#3043);
#2662=PLANE('',#3044);
#2663=PLANE('',#3045);
#2664=PLANE('',#3046);
#2665=PLANE('',#3050);
#2666=PLANE('',#3051);
#2667=PLANE('',#3052);
#2668=PLANE('',#3056);
#2669=PLANE('',#3057);
#2670=PLANE('',#3058);
#2671=PLANE('',#3059);
#2672=PLANE('',#3063);
#2673=PLANE('',#3064);
#2674=PLANE('',#3065);
#2675=PLANE('',#3069);
#2676=PLANE('',#3070);
#2677=PLANE('',#3071);
#2678=PLANE('',#3075);
#2679=PLANE('',#3076);
#2680=PLANE('',#3077);
#2681=PLANE('',#3081);
#2682=PLANE('',#3082);
#2683=PLANE('',#3083);
#2684=PLANE('',#3084);
#2685=PLANE('',#3085);
#2686=PLANE('',#3086);
#2687=PLANE('',#3090);
#2688=PLANE('',#3094);
#2689=PLANE('',#3095);
#2690=PLANE('',#3096);
#2691=PLANE('',#3097);
#2692=PLANE('',#3098);
#2693=PLANE('',#3102);
#2694=PLANE('',#3103);
#2695=PLANE('',#3104);
#2696=PLANE('',#3105);
#2697=PLANE('',#3106);
#2698=PLANE('',#3107);
#2699=PLANE('',#3108);
#2700=PLANE('',#3109);
#2701=PLANE('',#3113);
#2702=PLANE('',#3117);
#2703=PLANE('',#3118);
#2704=PLANE('',#3119);
#2705=PLANE('',#3120);
#2706=PLANE('',#3121);
#2707=PLANE('',#3125);
#2708=PLANE('',#3129);
#2709=PLANE('',#3130);
#2710=ADVANCED_FACE('',(#160),#2595,.F.);
#2711=ADVANCED_FACE('',(#161),#2596,.F.);
#2712=ADVANCED_FACE('',(#162),#118,.F.);
#2713=ADVANCED_FACE('',(#163),#2597,.F.);
#2714=ADVANCED_FACE('',(#164),#119,.F.);
#2715=ADVANCED_FACE('',(#165),#2598,.F.);
#2716=ADVANCED_FACE('',(#166),#2599,.F.);
#2717=ADVANCED_FACE('',(#167),#2600,.F.);
#2718=ADVANCED_FACE('',(#168),#120,.F.);
#2719=ADVANCED_FACE('',(#169),#2601,.F.);
#2720=ADVANCED_FACE('',(#170),#121,.F.);
#2721=ADVANCED_FACE('',(#171),#2602,.F.);
#2722=ADVANCED_FACE('',(#172),#2603,.F.);
#2723=ADVANCED_FACE('',(#173),#2604,.F.);
#2724=ADVANCED_FACE('',(#174),#122,.F.);
#2725=ADVANCED_FACE('',(#175),#2605,.F.);
#2726=ADVANCED_FACE('',(#176),#123,.F.);
#2727=ADVANCED_FACE('',(#177),#2606,.F.);
#2728=ADVANCED_FACE('',(#178),#124,.F.);
#2729=ADVANCED_FACE('',(#179),#2607,.F.);
#2730=ADVANCED_FACE('',(#180),#2608,.F.);
#2731=ADVANCED_FACE('',(#181),#125,.F.);
#2732=ADVANCED_FACE('',(#182),#2609,.F.);
#2733=ADVANCED_FACE('',(#183),#2610,.F.);
#2734=ADVANCED_FACE('',(#184),#2611,.F.);
#2735=ADVANCED_FACE('',(#185),#126,.F.);
#2736=ADVANCED_FACE('',(#186),#2612,.F.);
#2737=ADVANCED_FACE('',(#187),#2613,.F.);
#2738=ADVANCED_FACE('',(#188),#127,.F.);
#2739=ADVANCED_FACE('',(#189),#2614,.F.);
#2740=ADVANCED_FACE('',(#190),#2615,.F.);
#2741=ADVANCED_FACE('',(#191),#128,.F.);
#2742=ADVANCED_FACE('',(#192),#2616,.F.);
#2743=ADVANCED_FACE('',(#193),#2617,.F.);
#2744=ADVANCED_FACE('',(#194),#129,.F.);
#2745=ADVANCED_FACE('',(#195),#2618,.F.);
#2746=ADVANCED_FACE('',(#196),#2619,.F.);
#2747=ADVANCED_FACE('',(#197),#2620,.F.);
#2748=ADVANCED_FACE('',(#198),#2621,.F.);
#2749=ADVANCED_FACE('',(#199),#2622,.F.);
#2750=ADVANCED_FACE('',(#200),#130,.F.);
#2751=ADVANCED_FACE('',(#201),#2623,.F.);
#2752=ADVANCED_FACE('',(#202),#131,.F.);
#2753=ADVANCED_FACE('',(#203),#2624,.F.);
#2754=ADVANCED_FACE('',(#204),#2625,.F.);
#2755=ADVANCED_FACE('',(#205),#2626,.F.);
#2756=ADVANCED_FACE('',(#206),#2627,.F.);
#2757=ADVANCED_FACE('',(#207),#2628,.F.);
#2758=ADVANCED_FACE('',(#208),#132,.F.);
#2759=ADVANCED_FACE('',(#209),#2629,.F.);
#2760=ADVANCED_FACE('',(#210),#2630,.F.);
#2761=ADVANCED_FACE('',(#211),#2631,.F.);
#2762=ADVANCED_FACE('',(#212),#2632,.F.);
#2763=ADVANCED_FACE('',(#213),#2633,.F.);
#2764=ADVANCED_FACE('',(#214),#2634,.F.);
#2765=ADVANCED_FACE('',(#215),#133,.F.);
#2766=ADVANCED_FACE('',(#216),#2635,.F.);
#2767=ADVANCED_FACE('',(#217),#134,.F.);
#2768=ADVANCED_FACE('',(#218),#2636,.F.);
#2769=ADVANCED_FACE('',(#219),#2637,.F.);
#2770=ADVANCED_FACE('',(#220),#2638,.F.);
#2771=ADVANCED_FACE('',(#221),#135,.F.);
#2772=ADVANCED_FACE('',(#222),#2639,.F.);
#2773=ADVANCED_FACE('',(#223),#136,.F.);
#2774=ADVANCED_FACE('',(#224),#2640,.F.);
#2775=ADVANCED_FACE('',(#225,#33),#2641,.F.);
#2776=ADVANCED_FACE('',(#226),#2642,.T.);
#2777=ADVANCED_FACE('',(#227),#137,.T.);
#2778=ADVANCED_FACE('',(#228),#2643,.T.);
#2779=ADVANCED_FACE('',(#229),#138,.T.);
#2780=ADVANCED_FACE('',(#230),#2644,.T.);
#2781=ADVANCED_FACE('',(#231),#139,.T.);
#2782=ADVANCED_FACE('',(#232),#2645,.T.);
#2783=ADVANCED_FACE('',(#233),#140,.T.);
#2784=ADVANCED_FACE('',(#234),#2646,.T.);
#2785=ADVANCED_FACE('',(#235),#2647,.T.);
#2786=ADVANCED_FACE('',(#236),#2648,.T.);
#2787=ADVANCED_FACE('',(#237),#2649,.T.);
#2788=ADVANCED_FACE('',(#238),#141,.T.);
#2789=ADVANCED_FACE('',(#239),#2650,.T.);
#2790=ADVANCED_FACE('',(#240),#142,.T.);
#2791=ADVANCED_FACE('',(#241),#2651,.T.);
#2792=ADVANCED_FACE('',(#242),#2652,.F.);
#2793=ADVANCED_FACE('',(#243),#2653,.T.);
#2794=ADVANCED_FACE('',(#244),#2654,.T.);
#2795=ADVANCED_FACE('',(#245),#2655,.T.);
#2796=ADVANCED_FACE('',(#246),#143,.T.);
#2797=ADVANCED_FACE('',(#247),#2656,.T.);
#2798=ADVANCED_FACE('',(#248),#144,.T.);
#2799=ADVANCED_FACE('',(#249),#2657,.T.);
#2800=ADVANCED_FACE('',(#250),#2658,.F.);
#2801=ADVANCED_FACE('',(#251),#2659,.T.);
#2802=ADVANCED_FACE('',(#252),#145,.T.);
#2803=ADVANCED_FACE('',(#253),#2660,.T.);
#2804=ADVANCED_FACE('',(#254),#146,.T.);
#2805=ADVANCED_FACE('',(#255),#2661,.T.);
#2806=ADVANCED_FACE('',(#256),#2662,.T.);
#2807=ADVANCED_FACE('',(#257),#2663,.T.);
#2808=ADVANCED_FACE('',(#258),#2664,.F.);
#2809=ADVANCED_FACE('',(#259),#147,.T.);
#2810=ADVANCED_FACE('',(#260),#2665,.T.);
#2811=ADVANCED_FACE('',(#261),#2666,.T.);
#2812=ADVANCED_FACE('',(#262),#2667,.T.);
#2813=ADVANCED_FACE('',(#263),#148,.T.);
#2814=ADVANCED_FACE('',(#264),#2668,.T.);
#2815=ADVANCED_FACE('',(#265),#2669,.T.);
#2816=ADVANCED_FACE('',(#266),#2670,.F.);
#2817=ADVANCED_FACE('',(#267),#2671,.T.);
#2818=ADVANCED_FACE('',(#268),#149,.T.);
#2819=ADVANCED_FACE('',(#269),#2672,.T.);
#2820=ADVANCED_FACE('',(#270),#2673,.T.);
#2821=ADVANCED_FACE('',(#271),#2674,.T.);
#2822=ADVANCED_FACE('',(#272),#150,.T.);
#2823=ADVANCED_FACE('',(#273),#2675,.T.);
#2824=ADVANCED_FACE('',(#274),#2676,.F.);
#2825=ADVANCED_FACE('',(#275),#2677,.T.);
#2826=ADVANCED_FACE('',(#276),#151,.T.);
#2827=ADVANCED_FACE('',(#277),#2678,.T.);
#2828=ADVANCED_FACE('',(#278),#2679,.T.);
#2829=ADVANCED_FACE('',(#279),#2680,.T.);
#2830=ADVANCED_FACE('',(#280),#152,.T.);
#2831=ADVANCED_FACE('',(#281),#2681,.T.);
#2832=ADVANCED_FACE('',(#282),#2682,.F.);
#2833=ADVANCED_FACE('',(#283),#2683,.T.);
#2834=ADVANCED_FACE('',(#284),#2684,.T.);
#2835=ADVANCED_FACE('',(#285),#2685,.T.);
#2836=ADVANCED_FACE('',(#286),#2686,.T.);
#2837=ADVANCED_FACE('',(#287),#153,.T.);
#2838=ADVANCED_FACE('',(#288),#2687,.T.);
#2839=ADVANCED_FACE('',(#289),#154,.T.);
#2840=ADVANCED_FACE('',(#290),#2688,.T.);
#2841=ADVANCED_FACE('',(#291),#2689,.T.);
#2842=ADVANCED_FACE('',(#292),#2690,.T.);
#2843=ADVANCED_FACE('',(#293),#2691,.T.);
#2844=ADVANCED_FACE('',(#294),#2692,.T.);
#2845=ADVANCED_FACE('',(#295),#155,.T.);
#2846=ADVANCED_FACE('',(#296),#2693,.T.);
#2847=ADVANCED_FACE('',(#297),#2694,.T.);
#2848=ADVANCED_FACE('',(#298),#2695,.T.);
#2849=ADVANCED_FACE('',(#299),#2696,.T.);
#2850=ADVANCED_FACE('',(#300),#2697,.F.);
#2851=ADVANCED_FACE('',(#301),#2698,.T.);
#2852=ADVANCED_FACE('',(#302),#2699,.T.);
#2853=ADVANCED_FACE('',(#303),#2700,.T.);
#2854=ADVANCED_FACE('',(#304),#156,.T.);
#2855=ADVANCED_FACE('',(#305),#2701,.T.);
#2856=ADVANCED_FACE('',(#306),#157,.T.);
#2857=ADVANCED_FACE('',(#307),#2702,.T.);
#2858=ADVANCED_FACE('',(#308),#2703,.F.);
#2859=ADVANCED_FACE('',(#309),#2704,.T.);
#2860=ADVANCED_FACE('',(#310),#2705,.T.);
#2861=ADVANCED_FACE('',(#311),#2706,.T.);
#2862=ADVANCED_FACE('',(#312),#158,.T.);
#2863=ADVANCED_FACE('',(#313),#2707,.T.);
#2864=ADVANCED_FACE('',(#314),#159,.T.);
#2865=ADVANCED_FACE('',(#315),#2708,.T.);
#2866=ADVANCED_FACE('',(#316),#2709,.F.);
#2867=CLOSED_SHELL('',(#2710,#2711,#2712,#2713,#2714,#2715,#2716,#2717,
#2718,#2719,#2720,#2721,#2722,#2723,#2724,#2725,#2726,#2727,#2728,#2729,
#2730,#2731,#2732,#2733,#2734,#2735,#2736,#2737,#2738,#2739,#2740,#2741,
#2742,#2743,#2744,#2745,#2746,#2747,#2748,#2749,#2750,#2751,#2752,#2753,
#2754,#2755,#2756,#2757,#2758,#2759,#2760,#2761,#2762,#2763,#2764,#2765,
#2766,#2767,#2768,#2769,#2770,#2771,#2772,#2773,#2774,#2775,#2776,#2777,
#2778,#2779,#2780,#2781,#2782,#2783,#2784));
#2868=CLOSED_SHELL('',(#2785,#2786,#2787,#2788,#2789,#2790,#2791,#2792));
#2869=CLOSED_SHELL('',(#2793,#2794,#2795,#2796,#2797,#2798,#2799,#2800));
#2870=CLOSED_SHELL('',(#2801,#2802,#2803,#2804,#2805,#2806,#2807,#2808));
#2871=CLOSED_SHELL('',(#2809,#2810,#2811,#2812,#2813,#2814,#2815,#2816));
#2872=CLOSED_SHELL('',(#2817,#2818,#2819,#2820,#2821,#2822,#2823,#2824));
#2873=CLOSED_SHELL('',(#2825,#2826,#2827,#2828,#2829,#2830,#2831,#2832));
#2874=CLOSED_SHELL('',(#2833,#2834,#2835,#2836,#2837,#2838,#2839,#2840,
#2841,#2842,#2843,#2844,#2845,#2846,#2847,#2848,#2849,#2850));
#2875=CLOSED_SHELL('',(#2851,#2852,#2853,#2854,#2855,#2856,#2857,#2858));
#2876=CLOSED_SHELL('',(#2859,#2860,#2861,#2862,#2863,#2864,#2865,#2866));
#2877=DERIVED_UNIT_ELEMENT(#2879,1.);
#2878=DERIVED_UNIT_ELEMENT(#4770,-3.);
#2879=(
MASS_UNIT()
NAMED_UNIT(*)
SI_UNIT(.KILO.,.GRAM.)
);
#2880=DERIVED_UNIT((#2877,#2878));
#2881=MEASURE_REPRESENTATION_ITEM('density measure',
POSITIVE_RATIO_MEASURE(7850.),#2880);
#2882=PROPERTY_DEFINITION_REPRESENTATION(#2887,#2884);
#2883=PROPERTY_DEFINITION_REPRESENTATION(#2888,#2885);
#2884=REPRESENTATION('material name',(#2886),#4767);
#2885=REPRESENTATION('density',(#2881),#4767);
#2886=DESCRIPTIVE_REPRESENTATION_ITEM('\X2\94A2\X0\','\X2\94A2\X0\');
#2887=PROPERTY_DEFINITION('material property','material name',#4777);
#2888=PROPERTY_DEFINITION('material property','density of part',#4777);
#2889=AXIS2_PLACEMENT_3D('',#3935,#3131,#3132);
#2890=AXIS2_PLACEMENT_3D('',#3936,#3133,#3134);
#2891=AXIS2_PLACEMENT_3D('',#3945,#3139,#3140);
#2892=AXIS2_PLACEMENT_3D('',#3954,#3145,#3146);
#2893=AXIS2_PLACEMENT_3D('',#3956,#3147,#3148);
#2894=AXIS2_PLACEMENT_3D('',#3959,#3150,#3151);
#2895=AXIS2_PLACEMENT_3D('',#3960,#3152,#3153);
#2896=AXIS2_PLACEMENT_3D('',#3966,#3157,#3158);
#2897=AXIS2_PLACEMENT_3D('',#3967,#3159,#3160);
#2898=AXIS2_PLACEMENT_3D('',#3968,#3161,#3162);
#2899=AXIS2_PLACEMENT_3D('',#3969,#3163,#3164);
#2900=AXIS2_PLACEMENT_3D('',#3971,#3166,#3167);
#2901=AXIS2_PLACEMENT_3D('',#3980,#3172,#3173);
#2902=AXIS2_PLACEMENT_3D('',#3989,#3178,#3179);
#2903=AXIS2_PLACEMENT_3D('',#3991,#3180,#3181);
#2904=AXIS2_PLACEMENT_3D('',#3994,#3183,#3184);
#2905=AXIS2_PLACEMENT_3D('',#3995,#3185,#3186);
#2906=AXIS2_PLACEMENT_3D('',#4001,#3190,#3191);
#2907=AXIS2_PLACEMENT_3D('',#4002,#3192,#3193);
#2908=AXIS2_PLACEMENT_3D('',#4003,#3194,#3195);
#2909=AXIS2_PLACEMENT_3D('',#4004,#3196,#3197);
#2910=AXIS2_PLACEMENT_3D('',#4006,#3199,#3200);
#2911=AXIS2_PLACEMENT_3D('',#4015,#3205,#3206);
#2912=AXIS2_PLACEMENT_3D('',#4019,#3208,#3209);
#2913=AXIS2_PLACEMENT_3D('',#4023,#3211,#3212);
#2914=AXIS2_PLACEMENT_3D('',#4025,#3214,#3215);
#2915=AXIS2_PLACEMENT_3D('',#4027,#3216,#3217);
#2916=AXIS2_PLACEMENT_3D('',#4029,#3219,#3220);
#2917=AXIS2_PLACEMENT_3D('',#4033,#3223,#3224);
#2918=AXIS2_PLACEMENT_3D('',#4035,#3225,#3226);
#2919=AXIS2_PLACEMENT_3D('',#4037,#3228,#3229);
#2920=AXIS2_PLACEMENT_3D('',#4041,#3232,#3233);
#2921=AXIS2_PLACEMENT_3D('',#4044,#3234,#3235);
#2922=AXIS2_PLACEMENT_3D('',#4048,#3237,#3238);
#2923=AXIS2_PLACEMENT_3D('',#4050,#3240,#3241);
#2924=AXIS2_PLACEMENT_3D('',#4056,#3245,#3246);
#2925=AXIS2_PLACEMENT_3D('',#4065,#3251,#3252);
#2926=AXIS2_PLACEMENT_3D('',#4067,#3253,#3254);
#2927=AXIS2_PLACEMENT_3D('',#4070,#3256,#3257);
#2928=AXIS2_PLACEMENT_3D('',#4071,#3258,#3259);
#2929=AXIS2_PLACEMENT_3D('',#4074,#3262,#3263);
#2930=AXIS2_PLACEMENT_3D('',#4076,#3265,#3266);
#2931=AXIS2_PLACEMENT_3D('',#4085,#3271,#3272);
#2932=AXIS2_PLACEMENT_3D('',#4087,#3273,#3274);
#2933=AXIS2_PLACEMENT_3D('',#4090,#3276,#3277);
#2934=AXIS2_PLACEMENT_3D('',#4091,#3278,#3279);
#2935=AXIS2_PLACEMENT_3D('',#4097,#3283,#3284);
#2936=AXIS2_PLACEMENT_3D('',#4106,#3289,#3290);
#2937=AXIS2_PLACEMENT_3D('',#4107,#3291,#3292);
#2938=AXIS2_PLACEMENT_3D('',#4108,#3293,#3294);
#2939=AXIS2_PLACEMENT_3D('',#4109,#3295,#3296);
#2940=AXIS2_PLACEMENT_3D('',#4111,#3298,#3299);
#2941=AXIS2_PLACEMENT_3D('',#4120,#3304,#3305);
#2942=AXIS2_PLACEMENT_3D('',#4122,#3306,#3307);
#2943=AXIS2_PLACEMENT_3D('',#4125,#3309,#3310);
#2944=AXIS2_PLACEMENT_3D('',#4126,#3311,#3312);
#2945=AXIS2_PLACEMENT_3D('',#4132,#3316,#3317);
#2946=AXIS2_PLACEMENT_3D('',#4141,#3322,#3323);
#2947=AXIS2_PLACEMENT_3D('',#4142,#3324,#3325);
#2948=AXIS2_PLACEMENT_3D('',#4143,#3326,#3327);
#2949=AXIS2_PLACEMENT_3D('',#4144,#3328,#3329);
#2950=AXIS2_PLACEMENT_3D('',#4146,#3331,#3332);
#2951=AXIS2_PLACEMENT_3D('',#4155,#3337,#3338);
#2952=AXIS2_PLACEMENT_3D('',#4161,#3342,#3343);
#2953=AXIS2_PLACEMENT_3D('',#4167,#3347,#3348);
#2954=AXIS2_PLACEMENT_3D('',#4173,#3352,#3353);
#2955=AXIS2_PLACEMENT_3D('',#4175,#3354,#3355);
#2956=AXIS2_PLACEMENT_3D('',#4178,#3357,#3358);
#2957=AXIS2_PLACEMENT_3D('',#4179,#3359,#3360);
#2958=AXIS2_PLACEMENT_3D('',#4185,#3364,#3365);
#2959=AXIS2_PLACEMENT_3D('',#4187,#3366,#3367);
#2960=AXIS2_PLACEMENT_3D('',#4190,#3369,#3370);
#2961=AXIS2_PLACEMENT_3D('',#4191,#3371,#3372);
#2962=AXIS2_PLACEMENT_3D('',#4197,#3376,#3377);
#2963=AXIS2_PLACEMENT_3D('',#4203,#3381,#3382);
#2964=AXIS2_PLACEMENT_3D('',#4209,#3386,#3387);
#2965=AXIS2_PLACEMENT_3D('',#4215,#3391,#3392);
#2966=AXIS2_PLACEMENT_3D('',#4221,#3396,#3397);
#2967=AXIS2_PLACEMENT_3D('',#4223,#3398,#3399);
#2968=AXIS2_PLACEMENT_3D('',#4226,#3401,#3402);
#2969=AXIS2_PLACEMENT_3D('',#4227,#3403,#3404);
#2970=AXIS2_PLACEMENT_3D('',#4233,#3408,#3409);
#2971=AXIS2_PLACEMENT_3D('',#4239,#3413,#3414);
#2972=AXIS2_PLACEMENT_3D('',#4242,#3417,#3418);
#2973=AXIS2_PLACEMENT_3D('',#4243,#3419,#3420);
#2974=AXIS2_PLACEMENT_3D('',#4252,#3425,#3426);
#2975=AXIS2_PLACEMENT_3D('',#4261,#3431,#3432);
#2976=AXIS2_PLACEMENT_3D('',#4263,#3433,#3434);
#2977=AXIS2_PLACEMENT_3D('',#4266,#3436,#3437);
#2978=AXIS2_PLACEMENT_3D('',#4267,#3438,#3439);
#2979=AXIS2_PLACEMENT_3D('',#4273,#3443,#3444);
#2980=AXIS2_PLACEMENT_3D('',#4274,#3445,#3446);
#2981=AXIS2_PLACEMENT_3D('',#4275,#3447,#3448);
#2982=AXIS2_PLACEMENT_3D('',#4276,#3449,#3450);
#2983=AXIS2_PLACEMENT_3D('',#4278,#3452,#3453);
#2984=AXIS2_PLACEMENT_3D('',#4287,#3458,#3459);
#2985=AXIS2_PLACEMENT_3D('',#4296,#3464,#3465);
#2986=AXIS2_PLACEMENT_3D('',#4298,#3466,#3467);
#2987=AXIS2_PLACEMENT_3D('',#4301,#3469,#3470);
#2988=AXIS2_PLACEMENT_3D('',#4302,#3471,#3472);
#2989=AXIS2_PLACEMENT_3D('',#4308,#3476,#3477);
#2990=AXIS2_PLACEMENT_3D('',#4309,#3478,#3479);
#2991=AXIS2_PLACEMENT_3D('',#4310,#3480,#3481);
#2992=AXIS2_PLACEMENT_3D('',#4311,#3482,#3483);
#2993=AXIS2_PLACEMENT_3D('',#4313,#3485,#3486);
#2994=AXIS2_PLACEMENT_3D('',#4317,#3489,#3490);
#2995=AXIS2_PLACEMENT_3D('',#4320,#3492,#3493);
#2996=AXIS2_PLACEMENT_3D('',#4325,#3497,#3498);
#2997=AXIS2_PLACEMENT_3D('',#4328,#3500,#3501);
#2998=AXIS2_PLACEMENT_3D('',#4330,#3503,#3504);
#2999=AXIS2_PLACEMENT_3D('',#4336,#3508,#3509);
#3000=AXIS2_PLACEMENT_3D('',#4338,#3510,#3511);
#3001=AXIS2_PLACEMENT_3D('',#4340,#3513,#3514);
#3002=AXIS2_PLACEMENT_3D('',#4344,#3517,#3518);
#3003=AXIS2_PLACEMENT_3D('',#4346,#3519,#3520);
#3004=AXIS2_PLACEMENT_3D('',#4348,#3522,#3523);
#3005=AXIS2_PLACEMENT_3D('',#4352,#3526,#3527);
#3006=AXIS2_PLACEMENT_3D('',#4354,#3528,#3529);
#3007=AXIS2_PLACEMENT_3D('',#4356,#3531,#3532);
#3008=AXIS2_PLACEMENT_3D('',#4360,#3535,#3536);
#3009=AXIS2_PLACEMENT_3D('',#4361,#3537,#3538);
#3010=AXIS2_PLACEMENT_3D('',#4362,#3539,#3540);
#3011=AXIS2_PLACEMENT_3D('',#4363,#3541,#3542);
#3012=AXIS2_PLACEMENT_3D('',#4372,#3547,#3548);
#3013=AXIS2_PLACEMENT_3D('',#4378,#3552,#3553);
#3014=AXIS2_PLACEMENT_3D('',#4384,#3557,#3558);
#3015=AXIS2_PLACEMENT_3D('',#4386,#3559,#3560);
#3016=AXIS2_PLACEMENT_3D('',#4388,#3561,#3562);
#3017=AXIS2_PLACEMENT_3D('',#4390,#3564,#3565);
#3018=AXIS2_PLACEMENT_3D('',#4396,#3569,#3570);
#3019=AXIS2_PLACEMENT_3D('',#4397,#3571,#3572);
#3020=AXIS2_PLACEMENT_3D('',#4398,#3573,#3574);
#3021=AXIS2_PLACEMENT_3D('',#4399,#3575,#3576);
#3022=AXIS2_PLACEMENT_3D('',#4400,#3577,#3578);
#3023=AXIS2_PLACEMENT_3D('',#4401,#3579,#3580);
#3024=AXIS2_PLACEMENT_3D('',#4410,#3585,#3586);
#3025=AXIS2_PLACEMENT_3D('',#4416,#3590,#3591);
#3026=AXIS2_PLACEMENT_3D('',#4422,#3595,#3596);
#3027=AXIS2_PLACEMENT_3D('',#4424,#3597,#3598);
#3028=AXIS2_PLACEMENT_3D('',#4426,#3599,#3600);
#3029=AXIS2_PLACEMENT_3D('',#4428,#3602,#3603);
#3030=AXIS2_PLACEMENT_3D('',#4434,#3607,#3608);
#3031=AXIS2_PLACEMENT_3D('',#4435,#3609,#3610);
#3032=AXIS2_PLACEMENT_3D('',#4436,#3611,#3612);
#3033=AXIS2_PLACEMENT_3D('',#4437,#3613,#3614);
#3034=AXIS2_PLACEMENT_3D('',#4438,#3615,#3616);
#3035=AXIS2_PLACEMENT_3D('',#4439,#3617,#3618);
#3036=AXIS2_PLACEMENT_3D('',#4448,#3623,#3624);
#3037=AXIS2_PLACEMENT_3D('',#4450,#3625,#3626);
#3038=AXIS2_PLACEMENT_3D('',#4452,#3627,#3628);
#3039=AXIS2_PLACEMENT_3D('',#4454,#3630,#3631);
#3040=AXIS2_PLACEMENT_3D('',#4460,#3635,#3636);
#3041=AXIS2_PLACEMENT_3D('',#4462,#3637,#3638);
#3042=AXIS2_PLACEMENT_3D('',#4464,#3639,#3640);
#3043=AXIS2_PLACEMENT_3D('',#4466,#3642,#3643);
#3044=AXIS2_PLACEMENT_3D('',#4472,#3647,#3648);
#3045=AXIS2_PLACEMENT_3D('',#4475,#3651,#3652);
#3046=AXIS2_PLACEMENT_3D('',#4476,#3653,#3654);
#3047=AXIS2_PLACEMENT_3D('',#4477,#3655,#3656);
#3048=AXIS2_PLACEMENT_3D('',#4480,#3657,#3658);
#3049=AXIS2_PLACEMENT_3D('',#4484,#3660,#3661);
#3050=AXIS2_PLACEMENT_3D('',#4486,#3663,#3664);
#3051=AXIS2_PLACEMENT_3D('',#4492,#3668,#3669);
#3052=AXIS2_PLACEMENT_3D('',#4498,#3673,#3674);
#3053=AXIS2_PLACEMENT_3D('',#4504,#3678,#3679);
#3054=AXIS2_PLACEMENT_3D('',#4506,#3680,#3681);
#3055=AXIS2_PLACEMENT_3D('',#4508,#3682,#3683);
#3056=AXIS2_PLACEMENT_3D('',#4510,#3685,#3686);
#3057=AXIS2_PLACEMENT_3D('',#4513,#3689,#3690);
#3058=AXIS2_PLACEMENT_3D('',#4514,#3691,#3692);
#3059=AXIS2_PLACEMENT_3D('',#4515,#3693,#3694);
#3060=AXIS2_PLACEMENT_3D('',#4524,#3699,#3700);
#3061=AXIS2_PLACEMENT_3D('',#4526,#3701,#3702);
#3062=AXIS2_PLACEMENT_3D('',#4528,#3703,#3704);
#3063=AXIS2_PLACEMENT_3D('',#4530,#3706,#3707);
#3064=AXIS2_PLACEMENT_3D('',#4536,#3711,#3712);
#3065=AXIS2_PLACEMENT_3D('',#4542,#3716,#3717);
#3066=AXIS2_PLACEMENT_3D('',#4548,#3721,#3722);
#3067=AXIS2_PLACEMENT_3D('',#4549,#3723,#3724);
#3068=AXIS2_PLACEMENT_3D('',#4550,#3725,#3726);
#3069=AXIS2_PLACEMENT_3D('',#4551,#3727,#3728);
#3070=AXIS2_PLACEMENT_3D('',#4552,#3729,#3730);
#3071=AXIS2_PLACEMENT_3D('',#4553,#3731,#3732);
#3072=AXIS2_PLACEMENT_3D('',#4562,#3737,#3738);
#3073=AXIS2_PLACEMENT_3D('',#4564,#3739,#3740);
#3074=AXIS2_PLACEMENT_3D('',#4566,#3741,#3742);
#3075=AXIS2_PLACEMENT_3D('',#4568,#3744,#3745);
#3076=AXIS2_PLACEMENT_3D('',#4574,#3749,#3750);
#3077=AXIS2_PLACEMENT_3D('',#4580,#3754,#3755);
#3078=AXIS2_PLACEMENT_3D('',#4586,#3759,#3760);
#3079=AXIS2_PLACEMENT_3D('',#4587,#3761,#3762);
#3080=AXIS2_PLACEMENT_3D('',#4588,#3763,#3764);
#3081=AXIS2_PLACEMENT_3D('',#4589,#3765,#3766);
#3082=AXIS2_PLACEMENT_3D('',#4590,#3767,#3768);
#3083=AXIS2_PLACEMENT_3D('',#4591,#3769,#3770);
#3084=AXIS2_PLACEMENT_3D('',#4600,#3775,#3776);
#3085=AXIS2_PLACEMENT_3D('',#4606,#3780,#3781);
#3086=AXIS2_PLACEMENT_3D('',#4612,#3785,#3786);
#3087=AXIS2_PLACEMENT_3D('',#4618,#3790,#3791);
#3088=AXIS2_PLACEMENT_3D('',#4620,#3792,#3793);
#3089=AXIS2_PLACEMENT_3D('',#4622,#3794,#3795);
#3090=AXIS2_PLACEMENT_3D('',#4624,#3797,#3798);
#3091=AXIS2_PLACEMENT_3D('',#4630,#3802,#3803);
#3092=AXIS2_PLACEMENT_3D('',#4632,#3804,#3805);
#3093=AXIS2_PLACEMENT_3D('',#4634,#3806,#3807);
#3094=AXIS2_PLACEMENT_3D('',#4636,#3809,#3810);
#3095=AXIS2_PLACEMENT_3D('',#4642,#3814,#3815);
#3096=AXIS2_PLACEMENT_3D('',#4648,#3819,#3820);
#3097=AXIS2_PLACEMENT_3D('',#4654,#3824,#3825);
#3098=AXIS2_PLACEMENT_3D('',#4660,#3829,#3830);
#3099=AXIS2_PLACEMENT_3D('',#4666,#3834,#3835);
#3100=AXIS2_PLACEMENT_3D('',#4668,#3836,#3837);
#3101=AXIS2_PLACEMENT_3D('',#4670,#3838,#3839);
#3102=AXIS2_PLACEMENT_3D('',#4672,#3841,#3842);
#3103=AXIS2_PLACEMENT_3D('',#4678,#3846,#3847);
#3104=AXIS2_PLACEMENT_3D('',#4684,#3851,#3852);
#3105=AXIS2_PLACEMENT_3D('',#4687,#3855,#3856);
#3106=AXIS2_PLACEMENT_3D('',#4688,#3857,#3858);
#3107=AXIS2_PLACEMENT_3D('',#4689,#3859,#3860);
#3108=AXIS2_PLACEMENT_3D('',#4698,#3865,#3866);
#3109=AXIS2_PLACEMENT_3D('',#4704,#3870,#3871);
#3110=AXIS2_PLACEMENT_3D('',#4710,#3875,#3876);
#3111=AXIS2_PLACEMENT_3D('',#4712,#3877,#3878);
#3112=AXIS2_PLACEMENT_3D('',#4714,#3879,#3880);
#3113=AXIS2_PLACEMENT_3D('',#4716,#3882,#3883);
#3114=AXIS2_PLACEMENT_3D('',#4722,#3887,#3888);
#3115=AXIS2_PLACEMENT_3D('',#4723,#3889,#3890);
#3116=AXIS2_PLACEMENT_3D('',#4724,#3891,#3892);
#3117=AXIS2_PLACEMENT_3D('',#4725,#3893,#3894);
#3118=AXIS2_PLACEMENT_3D('',#4726,#3895,#3896);
#3119=AXIS2_PLACEMENT_3D('',#4727,#3897,#3898);
#3120=AXIS2_PLACEMENT_3D('',#4736,#3903,#3904);
#3121=AXIS2_PLACEMENT_3D('',#4742,#3908,#3909);
#3122=AXIS2_PLACEMENT_3D('',#4748,#3913,#3914);
#3123=AXIS2_PLACEMENT_3D('',#4750,#3915,#3916);
#3124=AXIS2_PLACEMENT_3D('',#4752,#3917,#3918);
#3125=AXIS2_PLACEMENT_3D('',#4754,#3920,#3921);
#3126=AXIS2_PLACEMENT_3D('',#4760,#3925,#3926);
#3127=AXIS2_PLACEMENT_3D('',#4761,#3927,#3928);
#3128=AXIS2_PLACEMENT_3D('',#4762,#3929,#3930);
#3129=AXIS2_PLACEMENT_3D('',#4763,#3931,#3932);
#3130=AXIS2_PLACEMENT_3D('',#4764,#3933,#3934);
#3131=DIRECTION('axis',(0.,0.,1.));
#3132=DIRECTION('refdir',(1.,0.,0.));
#3133=DIRECTION('center_axis',(0.,1.,0.));
#3134=DIRECTION('ref_axis',(-1.,0.,0.));
#3135=DIRECTION('',(0.,0.,-1.));
#3136=DIRECTION('',(-1.,0.,0.));
#3137=DIRECTION('',(0.,0.,1.));
#3138=DIRECTION('',(-1.,0.,0.));
#3139=DIRECTION('center_axis',(0.,-1.,0.));
#3140=DIRECTION('ref_axis',(1.,0.,0.));
#3141=DIRECTION('',(0.,0.,1.));
#3142=DIRECTION('',(1.,0.,0.));
#3143=DIRECTION('',(0.,0.,1.));
#3144=DIRECTION('',(1.,0.,0.));
#3145=DIRECTION('center_axis',(0.,0.,1.));
#3146=DIRECTION('ref_axis',(-1.,0.,0.));
#3147=DIRECTION('center_axis',(0.,0.,1.));
#3148=DIRECTION('ref_axis',(-1.,0.,0.));
#3149=DIRECTION('',(0.,0.,1.));
#3150=DIRECTION('center_axis',(0.,0.,1.));
#3151=DIRECTION('ref_axis',(-1.,0.,0.));
#3152=DIRECTION('center_axis',(-1.,0.,0.));
#3153=DIRECTION('ref_axis',(0.,-1.,0.));
#3154=DIRECTION('',(0.,-1.,0.));
#3155=DIRECTION('',(0.,0.,1.));
#3156=DIRECTION('',(0.,-1.,0.));
#3157=DIRECTION('center_axis',(0.,0.,1.));
#3158=DIRECTION('ref_axis',(0.,1.,0.));
#3159=DIRECTION('center_axis',(0.,0.,1.));
#3160=DIRECTION('ref_axis',(0.,1.,0.));
#3161=DIRECTION('center_axis',(0.,0.,1.));
#3162=DIRECTION('ref_axis',(0.,1.,0.));
#3163=DIRECTION('center_axis',(0.,0.,1.));
#3164=DIRECTION('ref_axis',(1.,0.,0.));
#3165=DIRECTION('',(0.,1.,0.));
#3166=DIRECTION('center_axis',(0.,-1.,0.));
#3167=DIRECTION('ref_axis',(1.,0.,0.));
#3168=DIRECTION('',(0.,0.,-1.));
#3169=DIRECTION('',(1.,0.,0.));
#3170=DIRECTION('',(0.,0.,1.));
#3171=DIRECTION('',(1.,0.,0.));
#3172=DIRECTION('center_axis',(0.,1.,0.));
#3173=DIRECTION('ref_axis',(-1.,0.,0.));
#3174=DIRECTION('',(0.,0.,1.));
#3175=DIRECTION('',(-1.,0.,0.));
#3176=DIRECTION('',(0.,0.,1.));
#3177=DIRECTION('',(-1.,0.,0.));
#3178=DIRECTION('center_axis',(0.,0.,1.));
#3179=DIRECTION('ref_axis',(1.,0.,0.));
#3180=DIRECTION('center_axis',(0.,0.,1.));
#3181=DIRECTION('ref_axis',(1.,0.,0.));
#3182=DIRECTION('',(0.,0.,1.));
#3183=DIRECTION('center_axis',(0.,0.,1.));
#3184=DIRECTION('ref_axis',(1.,0.,0.));
#3185=DIRECTION('center_axis',(1.,0.,0.));
#3186=DIRECTION('ref_axis',(0.,1.,0.));
#3187=DIRECTION('',(0.,1.,0.));
#3188=DIRECTION('',(0.,0.,1.));
#3189=DIRECTION('',(0.,1.,0.));
#3190=DIRECTION('center_axis',(0.,0.,1.));
#3191=DIRECTION('ref_axis',(0.,-1.,0.));
#3192=DIRECTION('center_axis',(0.,0.,1.));
#3193=DIRECTION('ref_axis',(0.,-1.,0.));
#3194=DIRECTION('center_axis',(0.,0.,1.));
#3195=DIRECTION('ref_axis',(0.,-1.,0.));
#3196=DIRECTION('center_axis',(0.,0.,1.));
#3197=DIRECTION('ref_axis',(1.,0.,0.));
#3198=DIRECTION('',(-1.98254111540206E-16,-1.,0.));
#3199=DIRECTION('center_axis',(0.,1.,0.));
#3200=DIRECTION('ref_axis',(-1.,0.,0.));
#3201=DIRECTION('',(0.,0.,1.));
#3202=DIRECTION('',(-1.,0.,0.));
#3203=DIRECTION('',(0.,0.,1.));
#3204=DIRECTION('',(-1.,0.,0.));
#3205=DIRECTION('center_axis',(0.,0.,1.));
#3206=DIRECTION('ref_axis',(1.,0.,0.));
#3207=DIRECTION('',(-1.98254111540206E-16,-1.,0.));
#3208=DIRECTION('center_axis',(0.,0.,1.));
#3209=DIRECTION('ref_axis',(1.,0.,0.));
#3210=DIRECTION('',(1.38777878078142E-15,1.,0.));
#3211=DIRECTION('center_axis',(0.,0.,1.));
#3212=DIRECTION('ref_axis',(2.77555756156295E-15,-1.,0.));
#3213=DIRECTION('',(1.,0.,0.));
#3214=DIRECTION('center_axis',(0.,0.,1.));
#3215=DIRECTION('ref_axis',(1.,0.,0.));
#3216=DIRECTION('center_axis',(0.,0.,1.));
#3217=DIRECTION('ref_axis',(1.,0.,0.));
#3218=DIRECTION('',(0.,0.,1.));
#3219=DIRECTION('center_axis',(1.,-1.38777878078142E-15,0.));
#3220=DIRECTION('ref_axis',(1.38777878078142E-15,1.,0.));
#3221=DIRECTION('',(1.38777878078142E-15,1.,0.));
#3222=DIRECTION('',(0.,0.,1.));
#3223=DIRECTION('center_axis',(0.,0.,1.));
#3224=DIRECTION('ref_axis',(2.77555756156295E-15,-1.,0.));
#3225=DIRECTION('center_axis',(0.,0.,1.));
#3226=DIRECTION('ref_axis',(2.77555756156295E-15,-1.,0.));
#3227=DIRECTION('',(0.,0.,1.));
#3228=DIRECTION('center_axis',(0.,-1.,0.));
#3229=DIRECTION('ref_axis',(1.,0.,0.));
#3230=DIRECTION('',(0.,0.,1.));
#3231=DIRECTION('',(1.,0.,0.));
#3232=DIRECTION('center_axis',(0.,0.,1.));
#3233=DIRECTION('ref_axis',(0.,1.,0.));
#3234=DIRECTION('center_axis',(0.,0.,1.));
#3235=DIRECTION('ref_axis',(0.,1.,0.));
#3236=DIRECTION('',(0.,0.,1.));
#3237=DIRECTION('center_axis',(0.,0.,1.));
#3238=DIRECTION('ref_axis',(0.,1.,0.));
#3239=DIRECTION('',(0.,0.,1.));
#3240=DIRECTION('center_axis',(0.,1.,0.));
#3241=DIRECTION('ref_axis',(-1.,0.,0.));
#3242=DIRECTION('',(0.,0.,1.));
#3243=DIRECTION('',(-1.,0.,0.));
#3244=DIRECTION('',(-1.,0.,0.));
#3245=DIRECTION('center_axis',(0.,-1.,0.));
#3246=DIRECTION('ref_axis',(1.,0.,0.));
#3247=DIRECTION('',(0.,0.,1.));
#3248=DIRECTION('',(1.,0.,0.));
#3249=DIRECTION('',(0.,0.,1.));
#3250=DIRECTION('',(1.,0.,0.));
#3251=DIRECTION('center_axis',(0.,0.,1.));
#3252=DIRECTION('ref_axis',(-1.,0.,0.));
#3253=DIRECTION('center_axis',(0.,0.,1.));
#3254=DIRECTION('ref_axis',(-1.,0.,0.));
#3255=DIRECTION('',(0.,0.,1.));
#3256=DIRECTION('center_axis',(0.,0.,1.));
#3257=DIRECTION('ref_axis',(-1.,0.,0.));
#3258=DIRECTION('center_axis',(-1.,0.,0.));
#3259=DIRECTION('ref_axis',(0.,-1.,0.));
#3260=DIRECTION('',(0.,-1.,0.));
#3261=DIRECTION('',(0.,-1.,0.));
#3262=DIRECTION('center_axis',(0.,0.,1.));
#3263=DIRECTION('ref_axis',(1.,0.,0.));
#3264=DIRECTION('',(0.,1.,0.));
#3265=DIRECTION('center_axis',(-1.,0.,0.));
#3266=DIRECTION('ref_axis',(0.,-1.,0.));
#3267=DIRECTION('',(0.,-1.,0.));
#3268=DIRECTION('',(0.,0.,1.));
#3269=DIRECTION('',(0.,-1.,0.));
#3270=DIRECTION('',(0.,0.,1.));
#3271=DIRECTION('center_axis',(0.,0.,1.));
#3272=DIRECTION('ref_axis',(0.,1.,0.));
#3273=DIRECTION('center_axis',(0.,0.,1.));
#3274=DIRECTION('ref_axis',(0.,1.,0.));
#3275=DIRECTION('',(0.,0.,1.));
#3276=DIRECTION('center_axis',(0.,0.,1.));
#3277=DIRECTION('ref_axis',(0.,1.,0.));
#3278=DIRECTION('center_axis',(0.,1.,0.));
#3279=DIRECTION('ref_axis',(-1.,0.,0.));
#3280=DIRECTION('',(0.,0.,-1.));
#3281=DIRECTION('',(-1.,0.,0.));
#3282=DIRECTION('',(-1.,0.,0.));
#3283=DIRECTION('center_axis',(0.,-1.,0.));
#3284=DIRECTION('ref_axis',(1.,0.,0.));
#3285=DIRECTION('',(0.,0.,1.));
#3286=DIRECTION('',(1.,0.,0.));
#3287=DIRECTION('',(0.,0.,1.));
#3288=DIRECTION('',(1.,0.,0.));
#3289=DIRECTION('center_axis',(0.,0.,1.));
#3290=DIRECTION('ref_axis',(-1.,0.,0.));
#3291=DIRECTION('center_axis',(0.,0.,1.));
#3292=DIRECTION('ref_axis',(-1.,0.,0.));
#3293=DIRECTION('center_axis',(0.,0.,1.));
#3294=DIRECTION('ref_axis',(-1.,0.,0.));
#3295=DIRECTION('center_axis',(0.,0.,1.));
#3296=DIRECTION('ref_axis',(1.,0.,0.));
#3297=DIRECTION('',(0.,1.,0.));
#3298=DIRECTION('center_axis',(1.,0.,0.));
#3299=DIRECTION('ref_axis',(0.,1.,0.));
#3300=DIRECTION('',(0.,1.,0.));
#3301=DIRECTION('',(0.,0.,1.));
#3302=DIRECTION('',(0.,1.,0.));
#3303=DIRECTION('',(0.,0.,1.));
#3304=DIRECTION('center_axis',(0.,0.,1.));
#3305=DIRECTION('ref_axis',(0.,-1.,0.));
#3306=DIRECTION('center_axis',(0.,0.,1.));
#3307=DIRECTION('ref_axis',(0.,-1.,0.));
#3308=DIRECTION('',(0.,0.,1.));
#3309=DIRECTION('center_axis',(0.,0.,1.));
#3310=DIRECTION('ref_axis',(0.,-1.,0.));
#3311=DIRECTION('center_axis',(0.,-1.,0.));
#3312=DIRECTION('ref_axis',(1.,0.,0.));
#3313=DIRECTION('',(0.,0.,-1.));
#3314=DIRECTION('',(1.,0.,0.));
#3315=DIRECTION('',(1.,0.,0.));
#3316=DIRECTION('center_axis',(0.,1.,0.));
#3317=DIRECTION('ref_axis',(-1.,0.,0.));
#3318=DIRECTION('',(0.,0.,1.));
#3319=DIRECTION('',(-1.,0.,0.));
#3320=DIRECTION('',(0.,0.,1.));
#3321=DIRECTION('',(-1.,0.,0.));
#3322=DIRECTION('center_axis',(0.,0.,1.));
#3323=DIRECTION('ref_axis',(1.,0.,0.));
#3324=DIRECTION('center_axis',(0.,0.,1.));
#3325=DIRECTION('ref_axis',(1.,0.,0.));
#3326=DIRECTION('center_axis',(0.,0.,1.));
#3327=DIRECTION('ref_axis',(1.,0.,0.));
#3328=DIRECTION('center_axis',(0.,0.,1.));
#3329=DIRECTION('ref_axis',(1.,0.,0.));
#3330=DIRECTION('',(-1.98254111540206E-16,-1.,0.));
#3331=DIRECTION('center_axis',(-1.,-3.46944695195362E-16,0.));
#3332=DIRECTION('ref_axis',(3.46944695195362E-16,-1.,0.));
#3333=DIRECTION('',(3.46944695195362E-16,-1.,0.));
#3334=DIRECTION('',(0.,0.,1.));
#3335=DIRECTION('',(3.46944695195362E-16,-1.,0.));
#3336=DIRECTION('',(0.,0.,1.));
#3337=DIRECTION('center_axis',(0.,1.,0.));
#3338=DIRECTION('ref_axis',(-1.,0.,0.));
#3339=DIRECTION('',(-1.,0.,0.));
#3340=DIRECTION('',(0.,0.,1.));
#3341=DIRECTION('',(-1.,0.,0.));
#3342=DIRECTION('center_axis',(1.,0.,0.));
#3343=DIRECTION('ref_axis',(0.,1.,0.));
#3344=DIRECTION('',(0.,1.,0.));
#3345=DIRECTION('',(0.,0.,1.));
#3346=DIRECTION('',(0.,1.,0.));
#3347=DIRECTION('center_axis',(6.30191070078372E-16,1.,0.));
#3348=DIRECTION('ref_axis',(-1.,6.30191070078372E-16,0.));
#3349=DIRECTION('',(-1.,6.30191070078372E-16,0.));
#3350=DIRECTION('',(0.,0.,1.));
#3351=DIRECTION('',(-1.,6.30191070078372E-16,0.));
#3352=DIRECTION('center_axis',(0.,0.,1.));
#3353=DIRECTION('ref_axis',(1.,1.38777878078144E-15,0.));
#3354=DIRECTION('center_axis',(0.,0.,1.));
#3355=DIRECTION('ref_axis',(1.,1.38777878078144E-15,0.));
#3356=DIRECTION('',(0.,0.,1.));
#3357=DIRECTION('center_axis',(0.,0.,1.));
#3358=DIRECTION('ref_axis',(1.,1.38777878078144E-15,0.));
#3359=DIRECTION('center_axis',(1.,0.,0.));
#3360=DIRECTION('ref_axis',(0.,1.,0.));
#3361=DIRECTION('',(0.,1.,0.));
#3362=DIRECTION('',(0.,0.,1.));
#3363=DIRECTION('',(0.,1.,0.));
#3364=DIRECTION('center_axis',(0.,0.,1.));
#3365=DIRECTION('ref_axis',(0.,-1.,0.));
#3366=DIRECTION('center_axis',(0.,0.,1.));
#3367=DIRECTION('ref_axis',(0.,-1.,0.));
#3368=DIRECTION('',(0.,0.,1.));
#3369=DIRECTION('center_axis',(0.,0.,1.));
#3370=DIRECTION('ref_axis',(0.,-1.,0.));
#3371=DIRECTION('center_axis',(0.,-1.,0.));
#3372=DIRECTION('ref_axis',(1.,0.,0.));
#3373=DIRECTION('',(1.,0.,0.));
#3374=DIRECTION('',(0.,0.,1.));
#3375=DIRECTION('',(1.,0.,0.));
#3376=DIRECTION('center_axis',(1.,-5.55111512312578E-15,0.));
#3377=DIRECTION('ref_axis',(5.55111512312578E-15,1.,0.));
#3378=DIRECTION('',(5.55111512312578E-15,1.,0.));
#3379=DIRECTION('',(0.,0.,1.));
#3380=DIRECTION('',(5.55111512312578E-15,1.,0.));
#3381=DIRECTION('center_axis',(0.,-1.,0.));
#3382=DIRECTION('ref_axis',(1.,0.,0.));
#3383=DIRECTION('',(1.,0.,0.));
#3384=DIRECTION('',(0.,0.,1.));
#3385=DIRECTION('',(1.,0.,0.));
#3386=DIRECTION('center_axis',(-1.,-5.55111512312578E-15,0.));
#3387=DIRECTION('ref_axis',(5.55111512312578E-15,-1.,0.));
#3388=DIRECTION('',(5.55111512312578E-15,-1.,0.));
#3389=DIRECTION('',(0.,0.,1.));
#3390=DIRECTION('',(5.55111512312578E-15,-1.,0.));
#3391=DIRECTION('center_axis',(0.,-1.,0.));
#3392=DIRECTION('ref_axis',(1.,0.,0.));
#3393=DIRECTION('',(1.,0.,0.));
#3394=DIRECTION('',(0.,0.,1.));
#3395=DIRECTION('',(1.,0.,0.));
#3396=DIRECTION('center_axis',(0.,0.,1.));
#3397=DIRECTION('ref_axis',(-1.,0.,0.));
#3398=DIRECTION('center_axis',(0.,0.,1.));
#3399=DIRECTION('ref_axis',(-1.,0.,0.));
#3400=DIRECTION('',(0.,0.,1.));
#3401=DIRECTION('center_axis',(0.,0.,1.));
#3402=DIRECTION('ref_axis',(-1.,0.,0.));
#3403=DIRECTION('center_axis',(-1.,0.,0.));
#3404=DIRECTION('ref_axis',(0.,-1.,0.));
#3405=DIRECTION('',(0.,-1.,0.));
#3406=DIRECTION('',(0.,0.,1.));
#3407=DIRECTION('',(0.,-1.,0.));
#3408=DIRECTION('center_axis',(-0.707106781186548,0.707106781186548,0.));
#3409=DIRECTION('ref_axis',(-0.707106781186548,-0.707106781186548,0.));
#3410=DIRECTION('',(-0.707106781186548,-0.707106781186548,0.));
#3411=DIRECTION('',(0.,0.,1.));
#3412=DIRECTION('',(-0.707106781186547,-0.707106781186547,0.));
#3413=DIRECTION('center_axis',(0.,1.,0.));
#3414=DIRECTION('ref_axis',(-1.,0.,0.));
#3415=DIRECTION('',(-1.,0.,0.));
#3416=DIRECTION('',(-1.,0.,0.));
#3417=DIRECTION('center_axis',(0.,0.,1.));
#3418=DIRECTION('ref_axis',(1.,0.,0.));
#3419=DIRECTION('center_axis',(0.,-1.,0.));
#3420=DIRECTION('ref_axis',(1.,0.,0.));
#3421=DIRECTION('',(0.,0.,-1.));
#3422=DIRECTION('',(1.,0.,0.));
#3423=DIRECTION('',(0.,0.,1.));
#3424=DIRECTION('',(1.,0.,0.));
#3425=DIRECTION('center_axis',(0.,1.,0.));
#3426=DIRECTION('ref_axis',(-1.,0.,0.));
#3427=DIRECTION('',(0.,0.,1.));
#3428=DIRECTION('',(-1.,0.,0.));
#3429=DIRECTION('',(0.,0.,1.));
#3430=DIRECTION('',(-1.,0.,0.));
#3431=DIRECTION('center_axis',(0.,0.,1.));
#3432=DIRECTION('ref_axis',(1.,0.,0.));
#3433=DIRECTION('center_axis',(0.,0.,1.));
#3434=DIRECTION('ref_axis',(1.,0.,0.));
#3435=DIRECTION('',(0.,0.,1.));
#3436=DIRECTION('center_axis',(0.,0.,1.));
#3437=DIRECTION('ref_axis',(1.,0.,0.));
#3438=DIRECTION('center_axis',(1.,0.,0.));
#3439=DIRECTION('ref_axis',(0.,1.,0.));
#3440=DIRECTION('',(0.,1.,0.));
#3441=DIRECTION('',(0.,0.,1.));
#3442=DIRECTION('',(0.,1.,0.));
#3443=DIRECTION('center_axis',(0.,0.,1.));
#3444=DIRECTION('ref_axis',(0.,-1.,0.));
#3445=DIRECTION('center_axis',(0.,0.,1.));
#3446=DIRECTION('ref_axis',(0.,-1.,0.));
#3447=DIRECTION('center_axis',(0.,0.,1.));
#3448=DIRECTION('ref_axis',(0.,-1.,0.));
#3449=DIRECTION('center_axis',(0.,0.,1.));
#3450=DIRECTION('ref_axis',(1.,0.,0.));
#3451=DIRECTION('',(-1.98254111540206E-16,-1.,0.));
#3452=DIRECTION('center_axis',(0.,1.,0.));
#3453=DIRECTION('ref_axis',(-1.,0.,0.));
#3454=DIRECTION('',(0.,0.,-1.));
#3455=DIRECTION('',(-1.,0.,0.));
#3456=DIRECTION('',(0.,0.,1.));
#3457=DIRECTION('',(-1.,0.,0.));
#3458=DIRECTION('center_axis',(0.,-1.,0.));
#3459=DIRECTION('ref_axis',(1.,0.,0.));
#3460=DIRECTION('',(0.,0.,1.));
#3461=DIRECTION('',(1.,0.,0.));
#3462=DIRECTION('',(0.,0.,1.));
#3463=DIRECTION('',(1.,0.,0.));
#3464=DIRECTION('center_axis',(0.,0.,1.));
#3465=DIRECTION('ref_axis',(-1.,0.,0.));
#3466=DIRECTION('center_axis',(0.,0.,1.));
#3467=DIRECTION('ref_axis',(-1.,0.,0.));
#3468=DIRECTION('',(0.,0.,1.));
#3469=DIRECTION('center_axis',(0.,0.,1.));
#3470=DIRECTION('ref_axis',(-1.,0.,0.));
#3471=DIRECTION('center_axis',(-1.,-1.38777878078142E-15,0.));
#3472=DIRECTION('ref_axis',(1.38777878078142E-15,-1.,0.));
#3473=DIRECTION('',(1.38777878078142E-15,-1.,0.));
#3474=DIRECTION('',(0.,0.,1.));
#3475=DIRECTION('',(1.38777878078142E-15,-1.,0.));
#3476=DIRECTION('center_axis',(0.,0.,1.));
#3477=DIRECTION('ref_axis',(-2.77555756156295E-15,1.,0.));
#3478=DIRECTION('center_axis',(0.,0.,1.));
#3479=DIRECTION('ref_axis',(-2.77555756156295E-15,1.,0.));
#3480=DIRECTION('center_axis',(0.,0.,1.));
#3481=DIRECTION('ref_axis',(-2.77555756156295E-15,1.,0.));
#3482=DIRECTION('center_axis',(0.,0.,1.));
#3483=DIRECTION('ref_axis',(1.,0.,0.));
#3484=DIRECTION('',(0.,1.,0.));
#3485=DIRECTION('center_axis',(0.,0.,1.));
#3486=DIRECTION('ref_axis',(1.,0.,0.));
#3487=DIRECTION('',(0.,-1.,0.));
#3488=DIRECTION('',(0.,-1.,0.));
#3489=DIRECTION('center_axis',(0.,0.,1.));
#3490=DIRECTION('ref_axis',(0.,-1.,0.));
#3491=DIRECTION('',(-1.,9.91270557701032E-17,0.));
#3492=DIRECTION('center_axis',(0.,0.,1.));
#3493=DIRECTION('ref_axis',(-1.,0.,0.));
#3494=DIRECTION('',(1.98254111540206E-16,1.,0.));
#3495=DIRECTION('',(1.98254111540206E-16,1.,0.));
#3496=DIRECTION('',(1.98254111540206E-16,1.,0.));
#3497=DIRECTION('center_axis',(0.,0.,1.));
#3498=DIRECTION('ref_axis',(0.,1.,0.));
#3499=DIRECTION('',(1.,0.,0.));
#3500=DIRECTION('center_axis',(0.,0.,1.));
#3501=DIRECTION('ref_axis',(1.,0.,0.));
#3502=DIRECTION('',(0.,-1.,0.));
#3503=DIRECTION('center_axis',(1.,0.,0.));
#3504=DIRECTION('ref_axis',(0.,1.,0.));
#3505=DIRECTION('',(0.,0.,1.));
#3506=DIRECTION('',(0.,1.,0.));
#3507=DIRECTION('',(0.,0.,1.));
#3508=DIRECTION('center_axis',(0.,0.,1.));
#3509=DIRECTION('ref_axis',(0.,-1.,0.));
#3510=DIRECTION('center_axis',(0.,0.,1.));
#3511=DIRECTION('ref_axis',(0.,-1.,0.));
#3512=DIRECTION('',(0.,0.,1.));
#3513=DIRECTION('center_axis',(-9.91270557701032E-17,-1.,0.));
#3514=DIRECTION('ref_axis',(1.,-9.91270557701032E-17,0.));
#3515=DIRECTION('',(1.,-9.91270557701032E-17,0.));
#3516=DIRECTION('',(0.,0.,1.));
#3517=DIRECTION('center_axis',(0.,0.,1.));
#3518=DIRECTION('ref_axis',(-1.,0.,0.));
#3519=DIRECTION('center_axis',(0.,0.,1.));
#3520=DIRECTION('ref_axis',(-1.,0.,0.));
#3521=DIRECTION('',(0.,0.,1.));
#3522=DIRECTION('center_axis',(-1.,1.98254111540206E-16,0.));
#3523=DIRECTION('ref_axis',(-1.98254111540206E-16,-1.,0.));
#3524=DIRECTION('',(-1.98254111540206E-16,-1.,0.));
#3525=DIRECTION('',(0.,0.,1.));
#3526=DIRECTION('center_axis',(0.,0.,1.));
#3527=DIRECTION('ref_axis',(0.,1.,0.));
#3528=DIRECTION('center_axis',(0.,0.,1.));
#3529=DIRECTION('ref_axis',(0.,1.,0.));
#3530=DIRECTION('',(0.,0.,1.));
#3531=DIRECTION('center_axis',(0.,1.,0.));
#3532=DIRECTION('ref_axis',(-1.,0.,0.));
#3533=DIRECTION('',(-1.,0.,0.));
#3534=DIRECTION('',(0.,0.,1.));
#3535=DIRECTION('center_axis',(0.,0.,1.));
#3536=DIRECTION('ref_axis',(1.,0.,0.));
#3537=DIRECTION('center_axis',(0.,0.,1.));
#3538=DIRECTION('ref_axis',(1.,0.,0.));
#3539=DIRECTION('center_axis',(0.,0.,1.));
#3540=DIRECTION('ref_axis',(1.,0.,0.));
#3541=DIRECTION('center_axis',(0.,1.,0.));
#3542=DIRECTION('ref_axis',(-1.,0.,0.));
#3543=DIRECTION('',(1.,0.,0.));
#3544=DIRECTION('',(0.,0.,1.));
#3545=DIRECTION('',(-1.,0.,0.));
#3546=DIRECTION('',(0.,0.,1.));
#3547=DIRECTION('center_axis',(1.,0.,0.));
#3548=DIRECTION('ref_axis',(0.,1.,0.));
#3549=DIRECTION('',(0.,-1.,0.));
#3550=DIRECTION('',(0.,1.,0.));
#3551=DIRECTION('',(0.,0.,1.));
#3552=DIRECTION('center_axis',(0.,-1.,0.));
#3553=DIRECTION('ref_axis',(1.,0.,0.));
#3554=DIRECTION('',(-1.,0.,0.));
#3555=DIRECTION('',(1.,0.,0.));
#3556=DIRECTION('',(0.,0.,1.));
#3557=DIRECTION('center_axis',(0.,0.,1.));
#3558=DIRECTION('ref_axis',(-1.,0.,0.));
#3559=DIRECTION('center_axis',(0.,0.,1.));
#3560=DIRECTION('ref_axis',(-1.,0.,0.));
#3561=DIRECTION('center_axis',(0.,0.,1.));
#3562=DIRECTION('ref_axis',(-1.,0.,0.));
#3563=DIRECTION('',(0.,0.,1.));
#3564=DIRECTION('center_axis',(-1.,0.,0.));
#3565=DIRECTION('ref_axis',(0.,-1.,0.));
#3566=DIRECTION('',(0.,1.,0.));
#3567=DIRECTION('',(0.,-1.,0.));
#3568=DIRECTION('',(0.,0.,1.));
#3569=DIRECTION('center_axis',(0.,0.,1.));
#3570=DIRECTION('ref_axis',(0.,1.,0.));
#3571=DIRECTION('center_axis',(0.,0.,1.));
#3572=DIRECTION('ref_axis',(0.,1.,0.));
#3573=DIRECTION('center_axis',(0.,0.,1.));
#3574=DIRECTION('ref_axis',(0.,1.,0.));
#3575=DIRECTION('center_axis',(0.,0.,1.));
#3576=DIRECTION('ref_axis',(1.,0.,0.));
#3577=DIRECTION('center_axis',(0.,0.,1.));
#3578=DIRECTION('ref_axis',(1.,0.,0.));
#3579=DIRECTION('center_axis',(0.,-1.,0.));
#3580=DIRECTION('ref_axis',(1.,0.,0.));
#3581=DIRECTION('',(-1.,0.,0.));
#3582=DIRECTION('',(0.,0.,1.));
#3583=DIRECTION('',(1.,0.,0.));
#3584=DIRECTION('',(0.,0.,1.));
#3585=DIRECTION('center_axis',(-1.,0.,0.));
#3586=DIRECTION('ref_axis',(0.,-1.,0.));
#3587=DIRECTION('',(0.,1.,0.));
#3588=DIRECTION('',(0.,-1.,0.));
#3589=DIRECTION('',(0.,0.,1.));
#3590=DIRECTION('center_axis',(0.,1.,0.));
#3591=DIRECTION('ref_axis',(-1.,0.,0.));
#3592=DIRECTION('',(1.,0.,0.));
#3593=DIRECTION('',(-1.,0.,0.));
#3594=DIRECTION('',(0.,0.,1.));
#3595=DIRECTION('center_axis',(0.,0.,1.));
#3596=DIRECTION('ref_axis',(1.,0.,0.));
#3597=DIRECTION('center_axis',(0.,0.,1.));
#3598=DIRECTION('ref_axis',(1.,0.,0.));
#3599=DIRECTION('center_axis',(0.,0.,1.));
#3600=DIRECTION('ref_axis',(1.,0.,0.));
#3601=DIRECTION('',(0.,0.,1.));
#3602=DIRECTION('center_axis',(1.,0.,0.));
#3603=DIRECTION('ref_axis',(0.,1.,0.));
#3604=DIRECTION('',(0.,-1.,0.));
#3605=DIRECTION('',(0.,1.,0.));
#3606=DIRECTION('',(0.,0.,1.));
#3607=DIRECTION('center_axis',(0.,0.,1.));
#3608=DIRECTION('ref_axis',(0.,-1.,0.));
#3609=DIRECTION('center_axis',(0.,0.,1.));
#3610=DIRECTION('ref_axis',(0.,-1.,0.));
#3611=DIRECTION('center_axis',(0.,0.,1.));
#3612=DIRECTION('ref_axis',(0.,-1.,0.));
#3613=DIRECTION('center_axis',(0.,0.,1.));
#3614=DIRECTION('ref_axis',(1.,0.,0.));
#3615=DIRECTION('center_axis',(0.,0.,1.));
#3616=DIRECTION('ref_axis',(1.,0.,0.));
#3617=DIRECTION('center_axis',(0.,1.,0.));
#3618=DIRECTION('ref_axis',(-1.,0.,0.));
#3619=DIRECTION('',(-1.,0.,0.));
#3620=DIRECTION('',(0.,0.,1.));
#3621=DIRECTION('',(-1.,0.,0.));
#3622=DIRECTION('',(0.,0.,1.));
#3623=DIRECTION('center_axis',(0.,0.,1.));
#3624=DIRECTION('ref_axis',(1.,0.,0.));
#3625=DIRECTION('center_axis',(0.,0.,1.));
#3626=DIRECTION('ref_axis',(1.,0.,0.));
#3627=DIRECTION('center_axis',(0.,0.,1.));
#3628=DIRECTION('ref_axis',(1.,0.,0.));
#3629=DIRECTION('',(0.,0.,1.));
#3630=DIRECTION('center_axis',(1.,-1.38777878078142E-15,0.));
#3631=DIRECTION('ref_axis',(1.38777878078142E-15,1.,0.));
#3632=DIRECTION('',(1.38777878078142E-15,1.,0.));
#3633=DIRECTION('',(1.38777878078142E-15,1.,0.));
#3634=DIRECTION('',(0.,0.,1.));
#3635=DIRECTION('center_axis',(0.,0.,1.));
#3636=DIRECTION('ref_axis',(2.77555756156295E-15,-1.,0.));
#3637=DIRECTION('center_axis',(0.,0.,1.));
#3638=DIRECTION('ref_axis',(2.77555756156295E-15,-1.,0.));
#3639=DIRECTION('center_axis',(0.,0.,1.));
#3640=DIRECTION('ref_axis',(2.77555756156295E-15,-1.,0.));
#3641=DIRECTION('',(0.,0.,1.));
#3642=DIRECTION('center_axis',(0.,-1.,0.));
#3643=DIRECTION('ref_axis',(1.,0.,0.));
#3644=DIRECTION('',(1.,0.,0.));
#3645=DIRECTION('',(1.,0.,0.));
#3646=DIRECTION('',(0.,0.,1.));
#3647=DIRECTION('center_axis',(-1.,0.,0.));
#3648=DIRECTION('ref_axis',(0.,-1.,0.));
#3649=DIRECTION('',(0.,-1.,0.));
#3650=DIRECTION('',(0.,-1.,0.));
#3651=DIRECTION('center_axis',(0.,0.,1.));
#3652=DIRECTION('ref_axis',(1.,0.,0.));
#3653=DIRECTION('center_axis',(0.,0.,1.));
#3654=DIRECTION('ref_axis',(1.,0.,0.));
#3655=DIRECTION('center_axis',(0.,0.,1.));
#3656=DIRECTION('ref_axis',(0.,1.,0.));
#3657=DIRECTION('center_axis',(0.,0.,1.));
#3658=DIRECTION('ref_axis',(0.,1.,0.));
#3659=DIRECTION('',(0.,0.,1.));
#3660=DIRECTION('center_axis',(0.,0.,1.));
#3661=DIRECTION('ref_axis',(0.,1.,0.));
#3662=DIRECTION('',(0.,0.,1.));
#3663=DIRECTION('center_axis',(0.,1.,0.));
#3664=DIRECTION('ref_axis',(-1.,0.,0.));
#3665=DIRECTION('',(-1.,0.,0.));
#3666=DIRECTION('',(-1.,0.,0.));
#3667=DIRECTION('',(0.,0.,1.));
#3668=DIRECTION('center_axis',(1.,0.,0.));
#3669=DIRECTION('ref_axis',(0.,1.,0.));
#3670=DIRECTION('',(0.,1.,0.));
#3671=DIRECTION('',(0.,1.,0.));
#3672=DIRECTION('',(0.,0.,1.));
#3673=DIRECTION('center_axis',(0.,-1.,0.));
#3674=DIRECTION('ref_axis',(1.,0.,0.));
#3675=DIRECTION('',(1.,0.,0.));
#3676=DIRECTION('',(1.,0.,0.));
#3677=DIRECTION('',(0.,0.,1.));
#3678=DIRECTION('center_axis',(0.,0.,1.));
#3679=DIRECTION('ref_axis',(-1.,0.,0.));
#3680=DIRECTION('center_axis',(0.,0.,1.));
#3681=DIRECTION('ref_axis',(-1.,0.,0.));
#3682=DIRECTION('center_axis',(0.,0.,1.));
#3683=DIRECTION('ref_axis',(-1.,0.,0.));
#3684=DIRECTION('',(0.,0.,1.));
#3685=DIRECTION('center_axis',(-1.,0.,0.));
#3686=DIRECTION('ref_axis',(0.,-1.,0.));
#3687=DIRECTION('',(0.,-1.,0.));
#3688=DIRECTION('',(0.,-1.,0.));
#3689=DIRECTION('center_axis',(0.,0.,1.));
#3690=DIRECTION('ref_axis',(1.,0.,0.));
#3691=DIRECTION('center_axis',(0.,0.,1.));
#3692=DIRECTION('ref_axis',(1.,0.,0.));
#3693=DIRECTION('center_axis',(-1.,0.,0.));
#3694=DIRECTION('ref_axis',(0.,-1.,0.));
#3695=DIRECTION('',(0.,-1.,0.));
#3696=DIRECTION('',(0.,0.,1.));
#3697=DIRECTION('',(0.,-1.,0.));
#3698=DIRECTION('',(0.,0.,1.));
#3699=DIRECTION('center_axis',(0.,0.,1.));
#3700=DIRECTION('ref_axis',(0.,1.,0.));
#3701=DIRECTION('center_axis',(0.,0.,1.));
#3702=DIRECTION('ref_axis',(0.,1.,0.));
#3703=DIRECTION('center_axis',(0.,0.,1.));
#3704=DIRECTION('ref_axis',(0.,1.,0.));
#3705=DIRECTION('',(0.,0.,1.));
#3706=DIRECTION('center_axis',(0.,1.,0.));
#3707=DIRECTION('ref_axis',(-1.,0.,0.));
#3708=DIRECTION('',(-1.,0.,0.));
#3709=DIRECTION('',(-1.,0.,0.));
#3710=DIRECTION('',(0.,0.,1.));
#3711=DIRECTION('center_axis',(1.,0.,0.));
#3712=DIRECTION('ref_axis',(0.,1.,0.));
#3713=DIRECTION('',(0.,1.,0.));
#3714=DIRECTION('',(0.,1.,0.));
#3715=DIRECTION('',(0.,0.,1.));
#3716=DIRECTION('center_axis',(0.,-1.,0.));
#3717=DIRECTION('ref_axis',(1.,0.,0.));
#3718=DIRECTION('',(1.,0.,0.));
#3719=DIRECTION('',(1.,0.,0.));
#3720=DIRECTION('',(0.,0.,1.));
#3721=DIRECTION('center_axis',(0.,0.,1.));
#3722=DIRECTION('ref_axis',(-1.,0.,0.));
#3723=DIRECTION('center_axis',(0.,0.,1.));
#3724=DIRECTION('ref_axis',(-1.,0.,0.));
#3725=DIRECTION('center_axis',(0.,0.,1.));
#3726=DIRECTION('ref_axis',(-1.,0.,0.));
#3727=DIRECTION('center_axis',(0.,0.,1.));
#3728=DIRECTION('ref_axis',(1.,0.,0.));
#3729=DIRECTION('center_axis',(0.,0.,1.));
#3730=DIRECTION('ref_axis',(1.,0.,0.));
#3731=DIRECTION('center_axis',(1.,0.,0.));
#3732=DIRECTION('ref_axis',(0.,1.,0.));
#3733=DIRECTION('',(0.,1.,0.));
#3734=DIRECTION('',(0.,0.,1.));
#3735=DIRECTION('',(0.,1.,0.));
#3736=DIRECTION('',(0.,0.,1.));
#3737=DIRECTION('center_axis',(0.,0.,1.));
#3738=DIRECTION('ref_axis',(0.,-1.,0.));
#3739=DIRECTION('center_axis',(0.,0.,1.));
#3740=DIRECTION('ref_axis',(0.,-1.,0.));
#3741=DIRECTION('center_axis',(0.,0.,1.));
#3742=DIRECTION('ref_axis',(0.,-1.,0.));
#3743=DIRECTION('',(0.,0.,1.));
#3744=DIRECTION('center_axis',(0.,-1.,0.));
#3745=DIRECTION('ref_axis',(1.,0.,0.));
#3746=DIRECTION('',(1.,0.,0.));
#3747=DIRECTION('',(1.,0.,0.));
#3748=DIRECTION('',(0.,0.,1.));
#3749=DIRECTION('center_axis',(-1.,0.,0.));
#3750=DIRECTION('ref_axis',(0.,-1.,0.));
#3751=DIRECTION('',(0.,-1.,0.));
#3752=DIRECTION('',(0.,-1.,0.));
#3753=DIRECTION('',(0.,0.,1.));
#3754=DIRECTION('center_axis',(0.,1.,0.));
#3755=DIRECTION('ref_axis',(-1.,0.,0.));
#3756=DIRECTION('',(-1.,0.,0.));
#3757=DIRECTION('',(-1.,0.,0.));
#3758=DIRECTION('',(0.,0.,1.));
#3759=DIRECTION('center_axis',(0.,0.,1.));
#3760=DIRECTION('ref_axis',(1.,0.,0.));
#3761=DIRECTION('center_axis',(0.,0.,1.));
#3762=DIRECTION('ref_axis',(1.,0.,0.));
#3763=DIRECTION('center_axis',(0.,0.,1.));
#3764=DIRECTION('ref_axis',(1.,0.,0.));
#3765=DIRECTION('center_axis',(0.,0.,1.));
#3766=DIRECTION('ref_axis',(1.,0.,0.));
#3767=DIRECTION('center_axis',(0.,0.,1.));
#3768=DIRECTION('ref_axis',(1.,0.,0.));
#3769=DIRECTION('center_axis',(-1.,-3.46944695195362E-16,0.));
#3770=DIRECTION('ref_axis',(3.46944695195362E-16,-1.,0.));
#3771=DIRECTION('',(3.46944695195362E-16,-1.,0.));
#3772=DIRECTION('',(0.,0.,1.));
#3773=DIRECTION('',(3.46944695195362E-16,-1.,0.));
#3774=DIRECTION('',(0.,0.,1.));
#3775=DIRECTION('center_axis',(0.,1.,0.));
#3776=DIRECTION('ref_axis',(-1.,0.,0.));
#3777=DIRECTION('',(-1.,0.,0.));
#3778=DIRECTION('',(-1.,0.,0.));
#3779=DIRECTION('',(0.,0.,1.));
#3780=DIRECTION('center_axis',(1.,0.,0.));
#3781=DIRECTION('ref_axis',(0.,1.,0.));
#3782=DIRECTION('',(0.,1.,0.));
#3783=DIRECTION('',(0.,1.,0.));
#3784=DIRECTION('',(0.,0.,1.));
#3785=DIRECTION('center_axis',(6.30191070078372E-16,1.,0.));
#3786=DIRECTION('ref_axis',(-1.,6.30191070078372E-16,0.));
#3787=DIRECTION('',(-1.,6.30191070078372E-16,0.));
#3788=DIRECTION('',(-1.,6.30191070078372E-16,0.));
#3789=DIRECTION('',(0.,0.,1.));
#3790=DIRECTION('center_axis',(0.,0.,1.));
#3791=DIRECTION('ref_axis',(1.,1.38777878078144E-15,0.));
#3792=DIRECTION('center_axis',(0.,0.,1.));
#3793=DIRECTION('ref_axis',(1.,1.38777878078144E-15,0.));
#3794=DIRECTION('center_axis',(0.,0.,1.));
#3795=DIRECTION('ref_axis',(1.,1.38777878078144E-15,0.));
#3796=DIRECTION('',(0.,0.,1.));
#3797=DIRECTION('center_axis',(1.,0.,0.));
#3798=DIRECTION('ref_axis',(0.,1.,0.));
#3799=DIRECTION('',(0.,1.,0.));
#3800=DIRECTION('',(0.,1.,0.));
#3801=DIRECTION('',(0.,0.,1.));
#3802=DIRECTION('center_axis',(0.,0.,1.));
#3803=DIRECTION('ref_axis',(0.,-1.,0.));
#3804=DIRECTION('center_axis',(0.,0.,1.));
#3805=DIRECTION('ref_axis',(0.,-1.,0.));
#3806=DIRECTION('center_axis',(0.,0.,1.));
#3807=DIRECTION('ref_axis',(0.,-1.,0.));
#3808=DIRECTION('',(0.,0.,1.));
#3809=DIRECTION('center_axis',(0.,-1.,0.));
#3810=DIRECTION('ref_axis',(1.,0.,0.));
#3811=DIRECTION('',(1.,0.,0.));
#3812=DIRECTION('',(1.,0.,0.));
#3813=DIRECTION('',(0.,0.,1.));
#3814=DIRECTION('center_axis',(1.,-5.55111512312578E-15,0.));
#3815=DIRECTION('ref_axis',(5.55111512312578E-15,1.,0.));
#3816=DIRECTION('',(5.55111512312578E-15,1.,0.));
#3817=DIRECTION('',(5.55111512312578E-15,1.,0.));
#3818=DIRECTION('',(0.,0.,1.));
#3819=DIRECTION('center_axis',(0.,-1.,0.));
#3820=DIRECTION('ref_axis',(1.,0.,0.));
#3821=DIRECTION('',(1.,0.,0.));
#3822=DIRECTION('',(1.,0.,0.));
#3823=DIRECTION('',(0.,0.,1.));
#3824=DIRECTION('center_axis',(-1.,-5.55111512312578E-15,0.));
#3825=DIRECTION('ref_axis',(5.55111512312578E-15,-1.,0.));
#3826=DIRECTION('',(5.55111512312578E-15,-1.,0.));
#3827=DIRECTION('',(5.55111512312578E-15,-1.,0.));
#3828=DIRECTION('',(0.,0.,1.));
#3829=DIRECTION('center_axis',(0.,-1.,0.));
#3830=DIRECTION('ref_axis',(1.,0.,0.));
#3831=DIRECTION('',(1.,0.,0.));
#3832=DIRECTION('',(1.,0.,0.));
#3833=DIRECTION('',(0.,0.,1.));
#3834=DIRECTION('center_axis',(0.,0.,1.));
#3835=DIRECTION('ref_axis',(-1.,0.,0.));
#3836=DIRECTION('center_axis',(0.,0.,1.));
#3837=DIRECTION('ref_axis',(-1.,0.,0.));
#3838=DIRECTION('center_axis',(0.,0.,1.));
#3839=DIRECTION('ref_axis',(-1.,0.,0.));
#3840=DIRECTION('',(0.,0.,1.));
#3841=DIRECTION('center_axis',(-1.,0.,0.));
#3842=DIRECTION('ref_axis',(0.,-1.,0.));
#3843=DIRECTION('',(0.,-1.,0.));
#3844=DIRECTION('',(0.,-1.,0.));
#3845=DIRECTION('',(0.,0.,1.));
#3846=DIRECTION('center_axis',(-0.707106781186548,0.707106781186548,0.));
#3847=DIRECTION('ref_axis',(-0.707106781186548,-0.707106781186548,0.));
#3848=DIRECTION('',(-0.707106781186547,-0.707106781186547,0.));
#3849=DIRECTION('',(-0.707106781186547,-0.707106781186547,0.));
#3850=DIRECTION('',(0.,0.,1.));
#3851=DIRECTION('center_axis',(0.,1.,0.));
#3852=DIRECTION('ref_axis',(-1.,0.,0.));
#3853=DIRECTION('',(-1.,0.,0.));
#3854=DIRECTION('',(-1.,0.,0.));
#3855=DIRECTION('center_axis',(0.,0.,1.));
#3856=DIRECTION('ref_axis',(1.,0.,0.));
#3857=DIRECTION('center_axis',(0.,0.,1.));
#3858=DIRECTION('ref_axis',(1.,0.,0.));
#3859=DIRECTION('center_axis',(0.,-1.,0.));
#3860=DIRECTION('ref_axis',(1.,0.,0.));
#3861=DIRECTION('',(-1.,0.,0.));
#3862=DIRECTION('',(0.,0.,1.));
#3863=DIRECTION('',(1.,0.,0.));
#3864=DIRECTION('',(0.,0.,1.));
#3865=DIRECTION('center_axis',(-1.,0.,0.));
#3866=DIRECTION('ref_axis',(0.,-1.,0.));
#3867=DIRECTION('',(0.,1.,0.));
#3868=DIRECTION('',(0.,-1.,0.));
#3869=DIRECTION('',(0.,0.,1.));
#3870=DIRECTION('center_axis',(0.,1.,0.));
#3871=DIRECTION('ref_axis',(-1.,0.,0.));
#3872=DIRECTION('',(1.,0.,0.));
#3873=DIRECTION('',(-1.,0.,0.));
#3874=DIRECTION('',(0.,0.,1.));
#3875=DIRECTION('center_axis',(0.,0.,1.));
#3876=DIRECTION('ref_axis',(1.,0.,0.));
#3877=DIRECTION('center_axis',(0.,0.,1.));
#3878=DIRECTION('ref_axis',(1.,0.,0.));
#3879=DIRECTION('center_axis',(0.,0.,1.));
#3880=DIRECTION('ref_axis',(1.,0.,0.));
#3881=DIRECTION('',(0.,0.,1.));
#3882=DIRECTION('center_axis',(1.,0.,0.));
#3883=DIRECTION('ref_axis',(0.,1.,0.));
#3884=DIRECTION('',(0.,-1.,0.));
#3885=DIRECTION('',(0.,1.,0.));
#3886=DIRECTION('',(0.,0.,1.));
#3887=DIRECTION('center_axis',(0.,0.,1.));
#3888=DIRECTION('ref_axis',(0.,-1.,0.));
#3889=DIRECTION('center_axis',(0.,0.,1.));
#3890=DIRECTION('ref_axis',(0.,-1.,0.));
#3891=DIRECTION('center_axis',(0.,0.,1.));
#3892=DIRECTION('ref_axis',(0.,-1.,0.));
#3893=DIRECTION('center_axis',(0.,0.,1.));
#3894=DIRECTION('ref_axis',(1.,0.,0.));
#3895=DIRECTION('center_axis',(0.,0.,1.));
#3896=DIRECTION('ref_axis',(1.,0.,0.));
#3897=DIRECTION('center_axis',(0.,1.,0.));
#3898=DIRECTION('ref_axis',(-1.,0.,0.));
#3899=DIRECTION('',(1.,0.,0.));
#3900=DIRECTION('',(0.,0.,1.));
#3901=DIRECTION('',(-1.,0.,0.));
#3902=DIRECTION('',(0.,0.,1.));
#3903=DIRECTION('center_axis',(1.,0.,0.));
#3904=DIRECTION('ref_axis',(0.,1.,0.));
#3905=DIRECTION('',(0.,-1.,0.));
#3906=DIRECTION('',(0.,1.,0.));
#3907=DIRECTION('',(0.,0.,1.));
#3908=DIRECTION('center_axis',(0.,-1.,0.));
#3909=DIRECTION('ref_axis',(1.,0.,0.));
#3910=DIRECTION('',(-1.,0.,0.));
#3911=DIRECTION('',(1.,0.,0.));
#3912=DIRECTION('',(0.,0.,1.));
#3913=DIRECTION('center_axis',(0.,0.,1.));
#3914=DIRECTION('ref_axis',(-1.,0.,0.));
#3915=DIRECTION('center_axis',(0.,0.,1.));
#3916=DIRECTION('ref_axis',(-1.,0.,0.));
#3917=DIRECTION('center_axis',(0.,0.,1.));
#3918=DIRECTION('ref_axis',(-1.,0.,0.));
#3919=DIRECTION('',(0.,0.,1.));
#3920=DIRECTION('center_axis',(-1.,-1.38777878078142E-15,0.));
#3921=DIRECTION('ref_axis',(1.38777878078142E-15,-1.,0.));
#3922=DIRECTION('',(-1.38777878078142E-15,1.,0.));
#3923=DIRECTION('',(1.38777878078142E-15,-1.,0.));
#3924=DIRECTION('',(0.,0.,1.));
#3925=DIRECTION('center_axis',(0.,0.,1.));
#3926=DIRECTION('ref_axis',(-2.77555756156295E-15,1.,0.));
#3927=DIRECTION('center_axis',(0.,0.,1.));
#3928=DIRECTION('ref_axis',(-2.77555756156295E-15,1.,0.));
#3929=DIRECTION('center_axis',(0.,0.,1.));
#3930=DIRECTION('ref_axis',(-2.77555756156295E-15,1.,0.));
#3931=DIRECTION('center_axis',(0.,0.,1.));
#3932=DIRECTION('ref_axis',(1.,0.,0.));
#3933=DIRECTION('center_axis',(0.,0.,1.));
#3934=DIRECTION('ref_axis',(1.,0.,0.));
#3935=CARTESIAN_POINT('',(0.,0.,0.));
#3936=CARTESIAN_POINT('Origin',(0.9,0.3,0.));
#3937=CARTESIAN_POINT('',(0.75,0.3,0.12));
#3938=CARTESIAN_POINT('',(0.75,0.3,0.));
#3939=CARTESIAN_POINT('',(0.75,0.3,0.));
#3940=CARTESIAN_POINT('',(0.599999999999999,0.3,0.12));
#3941=CARTESIAN_POINT('',(0.599999999999999,0.3,0.12));
#3942=CARTESIAN_POINT('',(0.599999999999999,0.3,0.));
#3943=CARTESIAN_POINT('',(0.599999999999999,0.3,0.));
#3944=CARTESIAN_POINT('',(0.45,0.3,0.));
#3945=CARTESIAN_POINT('Origin',(0.599999999999999,0.1,0.));
#3946=CARTESIAN_POINT('',(0.75,0.1,0.));
#3947=CARTESIAN_POINT('',(0.75,0.1,0.12));
#3948=CARTESIAN_POINT('',(0.75,0.1,0.));
#3949=CARTESIAN_POINT('',(0.599999999999999,0.1,0.));
#3950=CARTESIAN_POINT('',(0.299999999999999,0.1,0.));
#3951=CARTESIAN_POINT('',(0.599999999999999,0.1,0.12));
#3952=CARTESIAN_POINT('',(0.599999999999999,0.1,0.));
#3953=CARTESIAN_POINT('',(0.9,0.1,0.12));
#3954=CARTESIAN_POINT('Origin',(0.599999999999999,0.149999999999999,0.));
#3955=CARTESIAN_POINT('',(0.55,0.149999999999999,0.));
#3956=CARTESIAN_POINT('Origin',(0.599999999999999,0.149999999999999,0.));
#3957=CARTESIAN_POINT('',(0.55,0.149999999999999,0.12));
#3958=CARTESIAN_POINT('',(0.55,0.149999999999999,0.));
#3959=CARTESIAN_POINT('Origin',(0.599999999999999,0.149999999999999,0.12));
#3960=CARTESIAN_POINT('Origin',(0.55,0.250000000000001,0.));
#3961=CARTESIAN_POINT('',(0.55,0.250000000000001,0.));
#3962=CARTESIAN_POINT('',(0.55,0.125000000000001,0.));
#3963=CARTESIAN_POINT('',(0.55,0.250000000000001,0.12));
#3964=CARTESIAN_POINT('',(0.55,0.250000000000001,0.));
#3965=CARTESIAN_POINT('',(0.55,0.149999999999999,0.12));
#3966=CARTESIAN_POINT('Origin',(0.599999999999999,0.250000000000001,0.));
#3967=CARTESIAN_POINT('Origin',(0.599999999999999,0.250000000000001,0.));
#3968=CARTESIAN_POINT('Origin',(0.599999999999999,0.250000000000001,0.12));
#3969=CARTESIAN_POINT('Origin',(0.725,0.2,0.12));
#3970=CARTESIAN_POINT('',(0.75,-0.25,0.12));
#3971=CARTESIAN_POINT('Origin',(-0.9,-0.3,0.));
#3972=CARTESIAN_POINT('',(-0.75,-0.3,0.12));
#3973=CARTESIAN_POINT('',(-0.75,-0.3,0.));
#3974=CARTESIAN_POINT('',(-0.75,-0.3,0.));
#3975=CARTESIAN_POINT('',(-0.599999999999999,-0.3,0.12));
#3976=CARTESIAN_POINT('',(-0.599999999999999,-0.3,0.12));
#3977=CARTESIAN_POINT('',(-0.599999999999999,-0.3,0.));
#3978=CARTESIAN_POINT('',(-0.599999999999999,-0.3,0.));
#3979=CARTESIAN_POINT('',(-0.45,-0.3,0.));
#3980=CARTESIAN_POINT('Origin',(-0.599999999999999,-0.1,0.));
#3981=CARTESIAN_POINT('',(-0.75,-0.1,0.));
#3982=CARTESIAN_POINT('',(-0.75,-0.1,0.12));
#3983=CARTESIAN_POINT('',(-0.75,-0.1,0.));
#3984=CARTESIAN_POINT('',(-0.599999999999999,-0.1,0.));
#3985=CARTESIAN_POINT('',(-0.3,-0.1,0.));
#3986=CARTESIAN_POINT('',(-0.599999999999999,-0.1,0.12));
#3987=CARTESIAN_POINT('',(-0.599999999999999,-0.1,0.));
#3988=CARTESIAN_POINT('',(-0.9,-0.1,0.12));
#3989=CARTESIAN_POINT('Origin',(-0.599999999999999,-0.149999999999999,0.));
#3990=CARTESIAN_POINT('',(-0.55,-0.149999999999999,0.));
#3991=CARTESIAN_POINT('Origin',(-0.599999999999999,-0.149999999999999,0.));
#3992=CARTESIAN_POINT('',(-0.55,-0.149999999999999,0.12));
#3993=CARTESIAN_POINT('',(-0.55,-0.149999999999999,0.));
#3994=CARTESIAN_POINT('Origin',(-0.599999999999999,-0.149999999999999,0.12));
#3995=CARTESIAN_POINT('Origin',(-0.55,-0.250000000000001,0.));
#3996=CARTESIAN_POINT('',(-0.55,-0.250000000000001,0.));
#3997=CARTESIAN_POINT('',(-0.55,-0.125000000000001,0.));
#3998=CARTESIAN_POINT('',(-0.55,-0.250000000000001,0.12));
#3999=CARTESIAN_POINT('',(-0.55,-0.250000000000001,0.));
#4000=CARTESIAN_POINT('',(-0.55,-0.149999999999999,0.12));
#4001=CARTESIAN_POINT('Origin',(-0.599999999999999,-0.250000000000001,0.));
#4002=CARTESIAN_POINT('Origin',(-0.599999999999999,-0.250000000000001,0.));
#4003=CARTESIAN_POINT('Origin',(-0.599999999999999,-0.250000000000001,0.12));
#4004=CARTESIAN_POINT('Origin',(-0.725,-0.2,0.12));
#4005=CARTESIAN_POINT('',(-0.75,0.25,0.12));
#4006=CARTESIAN_POINT('Origin',(-0.599999999999999,-0.5,0.));
#4007=CARTESIAN_POINT('',(-0.75,-0.5,0.));
#4008=CARTESIAN_POINT('',(-0.75,-0.5,0.12));
#4009=CARTESIAN_POINT('',(-0.75,-0.5,0.));
#4010=CARTESIAN_POINT('',(-0.599999999999999,-0.5,0.));
#4011=CARTESIAN_POINT('',(-0.299999999999999,-0.5,0.));
#4012=CARTESIAN_POINT('',(-0.599999999999999,-0.5,0.12));
#4013=CARTESIAN_POINT('',(-0.599999999999999,-0.5,0.));
#4014=CARTESIAN_POINT('',(-0.599999999999999,-0.5,0.12));
#4015=CARTESIAN_POINT('Origin',(-0.725,-0.6,0.12));
#4016=CARTESIAN_POINT('',(-0.75,-0.7,0.12));
#4017=CARTESIAN_POINT('',(-0.75,0.0500000000000001,0.12));
#4018=CARTESIAN_POINT('',(-0.55,-0.549999999999999,0.12));
#4019=CARTESIAN_POINT('Origin',(-0.599999999999999,-0.549999999999999,0.12));
#4020=CARTESIAN_POINT('',(-0.55,-0.650000000000001,0.12));
#4021=CARTESIAN_POINT('',(-0.55,-0.650000000000001,0.12));
#4022=CARTESIAN_POINT('',(-0.599999999999999,-0.7,0.12));
#4023=CARTESIAN_POINT('Origin',(-0.599999999999999,-0.650000000000001,0.12));
#4024=CARTESIAN_POINT('',(-0.9,-0.7,0.12));
#4025=CARTESIAN_POINT('Origin',(-0.599999999999999,-0.549999999999999,0.));
#4026=CARTESIAN_POINT('',(-0.55,-0.549999999999999,0.));
#4027=CARTESIAN_POINT('Origin',(-0.599999999999999,-0.549999999999999,0.));
#4028=CARTESIAN_POINT('',(-0.55,-0.549999999999999,0.));
#4029=CARTESIAN_POINT('Origin',(-0.55,-0.650000000000001,0.));
#4030=CARTESIAN_POINT('',(-0.55,-0.650000000000001,0.));
#4031=CARTESIAN_POINT('',(-0.55,-0.325,0.));
#4032=CARTESIAN_POINT('',(-0.55,-0.650000000000001,0.));
#4033=CARTESIAN_POINT('Origin',(-0.599999999999999,-0.650000000000001,0.));
#4034=CARTESIAN_POINT('',(-0.599999999999999,-0.7,0.));
#4035=CARTESIAN_POINT('Origin',(-0.599999999999999,-0.650000000000001,0.));
#4036=CARTESIAN_POINT('',(-0.599999999999999,-0.7,0.));
#4037=CARTESIAN_POINT('Origin',(-0.9,-0.7,0.));
#4038=CARTESIAN_POINT('',(-0.75,-0.7,0.));
#4039=CARTESIAN_POINT('',(-0.75,-0.7,0.));
#4040=CARTESIAN_POINT('',(-0.45,-0.7,0.));
#4041=CARTESIAN_POINT('Origin',(0.599999999999999,0.650000000000001,0.));
#4042=CARTESIAN_POINT('',(0.599999999999999,0.7,0.));
#4043=CARTESIAN_POINT('',(0.55,0.650000000000001,0.));
#4044=CARTESIAN_POINT('Origin',(0.599999999999999,0.650000000000001,0.));
#4045=CARTESIAN_POINT('',(0.599999999999999,0.7,0.12));
#4046=CARTESIAN_POINT('',(0.599999999999999,0.7,0.));
#4047=CARTESIAN_POINT('',(0.55,0.650000000000001,0.12));
#4048=CARTESIAN_POINT('Origin',(0.599999999999999,0.650000000000001,0.12));
#4049=CARTESIAN_POINT('',(0.55,0.650000000000001,0.));
#4050=CARTESIAN_POINT('Origin',(0.9,0.7,0.));
#4051=CARTESIAN_POINT('',(0.75,0.7,0.));
#4052=CARTESIAN_POINT('',(0.75,0.7,0.12));
#4053=CARTESIAN_POINT('',(0.75,0.7,0.));
#4054=CARTESIAN_POINT('',(0.9,0.7,0.12));
#4055=CARTESIAN_POINT('',(0.45,0.7,0.));
#4056=CARTESIAN_POINT('Origin',(0.599999999999999,0.5,0.));
#4057=CARTESIAN_POINT('',(0.75,0.5,0.));
#4058=CARTESIAN_POINT('',(0.75,0.5,0.12));
#4059=CARTESIAN_POINT('',(0.75,0.5,0.));
#4060=CARTESIAN_POINT('',(0.599999999999999,0.5,0.));
#4061=CARTESIAN_POINT('',(0.299999999999999,0.5,0.));
#4062=CARTESIAN_POINT('',(0.599999999999999,0.5,0.12));
#4063=CARTESIAN_POINT('',(0.599999999999999,0.5,0.));
#4064=CARTESIAN_POINT('',(0.599999999999999,0.5,0.12));
#4065=CARTESIAN_POINT('Origin',(0.599999999999999,0.549999999999999,0.));
#4066=CARTESIAN_POINT('',(0.55,0.549999999999999,0.));
#4067=CARTESIAN_POINT('Origin',(0.599999999999999,0.549999999999999,0.));
#4068=CARTESIAN_POINT('',(0.55,0.549999999999999,0.12));
#4069=CARTESIAN_POINT('',(0.55,0.549999999999999,0.));
#4070=CARTESIAN_POINT('Origin',(0.599999999999999,0.549999999999999,0.12));
#4071=CARTESIAN_POINT('Origin',(0.55,0.650000000000001,0.));
#4072=CARTESIAN_POINT('',(0.55,0.325000000000001,0.));
#4073=CARTESIAN_POINT('',(0.55,0.650000000000001,0.12));
#4074=CARTESIAN_POINT('Origin',(0.725,0.6,0.12));
#4075=CARTESIAN_POINT('',(0.75,-0.0499999999999999,0.12));
#4076=CARTESIAN_POINT('Origin',(0.55,-0.149999999999999,0.));
#4077=CARTESIAN_POINT('',(0.55,-0.149999999999999,0.));
#4078=CARTESIAN_POINT('',(0.55,-0.250000000000001,0.));
#4079=CARTESIAN_POINT('',(0.55,-0.0749999999999995,0.));
#4080=CARTESIAN_POINT('',(0.55,-0.149999999999999,0.12));
#4081=CARTESIAN_POINT('',(0.55,-0.149999999999999,0.));
#4082=CARTESIAN_POINT('',(0.55,-0.250000000000001,0.12));
#4083=CARTESIAN_POINT('',(0.55,-0.149999999999999,0.12));
#4084=CARTESIAN_POINT('',(0.55,-0.250000000000001,0.));
#4085=CARTESIAN_POINT('Origin',(0.599999999999999,-0.149999999999999,0.));
#4086=CARTESIAN_POINT('',(0.599999999999999,-0.1,0.));
#4087=CARTESIAN_POINT('Origin',(0.599999999999999,-0.149999999999999,0.));
#4088=CARTESIAN_POINT('',(0.599999999999999,-0.1,0.12));
#4089=CARTESIAN_POINT('',(0.599999999999999,-0.1,0.));
#4090=CARTESIAN_POINT('Origin',(0.599999999999999,-0.149999999999999,0.12));
#4091=CARTESIAN_POINT('Origin',(0.9,-0.1,0.));
#4092=CARTESIAN_POINT('',(0.75,-0.1,0.12));
#4093=CARTESIAN_POINT('',(0.75,-0.1,0.));
#4094=CARTESIAN_POINT('',(0.75,-0.1,0.));
#4095=CARTESIAN_POINT('',(0.9,-0.1,0.12));
#4096=CARTESIAN_POINT('',(0.45,-0.1,0.));
#4097=CARTESIAN_POINT('Origin',(0.599999999999999,-0.3,0.));
#4098=CARTESIAN_POINT('',(0.75,-0.3,0.));
#4099=CARTESIAN_POINT('',(0.75,-0.3,0.12));
#4100=CARTESIAN_POINT('',(0.75,-0.3,0.));
#4101=CARTESIAN_POINT('',(0.599999999999999,-0.3,0.));
#4102=CARTESIAN_POINT('',(0.299999999999999,-0.3,0.));
#4103=CARTESIAN_POINT('',(0.599999999999999,-0.3,0.12));
#4104=CARTESIAN_POINT('',(0.599999999999999,-0.3,0.));
#4105=CARTESIAN_POINT('',(0.599999999999999,-0.3,0.12));
#4106=CARTESIAN_POINT('Origin',(0.599999999999999,-0.250000000000001,0.));
#4107=CARTESIAN_POINT('Origin',(0.599999999999999,-0.250000000000001,0.));
#4108=CARTESIAN_POINT('Origin',(0.599999999999999,-0.250000000000001,0.12));
#4109=CARTESIAN_POINT('Origin',(0.725,-0.2,0.12));
#4110=CARTESIAN_POINT('',(0.75,-0.45,0.12));
#4111=CARTESIAN_POINT('Origin',(-0.55,0.149999999999999,0.));
#4112=CARTESIAN_POINT('',(-0.55,0.149999999999999,0.));
#4113=CARTESIAN_POINT('',(-0.55,0.250000000000001,0.));
#4114=CARTESIAN_POINT('',(-0.55,0.0749999999999995,0.));
#4115=CARTESIAN_POINT('',(-0.55,0.149999999999999,0.12));
#4116=CARTESIAN_POINT('',(-0.55,0.149999999999999,0.));
#4117=CARTESIAN_POINT('',(-0.55,0.250000000000001,0.12));
#4118=CARTESIAN_POINT('',(-0.55,0.149999999999999,0.12));
#4119=CARTESIAN_POINT('',(-0.55,0.250000000000001,0.));
#4120=CARTESIAN_POINT('Origin',(-0.599999999999999,0.149999999999999,0.));
#4121=CARTESIAN_POINT('',(-0.599999999999999,0.1,0.));
#4122=CARTESIAN_POINT('Origin',(-0.599999999999999,0.149999999999999,0.));
#4123=CARTESIAN_POINT('',(-0.599999999999999,0.1,0.12));
#4124=CARTESIAN_POINT('',(-0.599999999999999,0.1,0.));
#4125=CARTESIAN_POINT('Origin',(-0.599999999999999,0.149999999999999,0.12));
#4126=CARTESIAN_POINT('Origin',(-0.9,0.1,0.));
#4127=CARTESIAN_POINT('',(-0.75,0.1,0.12));
#4128=CARTESIAN_POINT('',(-0.75,0.1,0.));
#4129=CARTESIAN_POINT('',(-0.75,0.1,0.));
#4130=CARTESIAN_POINT('',(-0.9,0.1,0.12));
#4131=CARTESIAN_POINT('',(-0.45,0.1,0.));
#4132=CARTESIAN_POINT('Origin',(-0.599999999999999,0.3,0.));
#4133=CARTESIAN_POINT('',(-0.75,0.3,0.));
#4134=CARTESIAN_POINT('',(-0.75,0.3,0.12));
#4135=CARTESIAN_POINT('',(-0.75,0.3,0.));
#4136=CARTESIAN_POINT('',(-0.599999999999999,0.3,0.));
#4137=CARTESIAN_POINT('',(-0.3,0.3,0.));
#4138=CARTESIAN_POINT('',(-0.599999999999999,0.3,0.12));
#4139=CARTESIAN_POINT('',(-0.599999999999999,0.3,0.));
#4140=CARTESIAN_POINT('',(-0.599999999999999,0.3,0.12));
#4141=CARTESIAN_POINT('Origin',(-0.599999999999999,0.250000000000001,0.));
#4142=CARTESIAN_POINT('Origin',(-0.599999999999999,0.250000000000001,0.));
#4143=CARTESIAN_POINT('Origin',(-0.599999999999999,0.250000000000001,0.12));
#4144=CARTESIAN_POINT('Origin',(-0.725,0.2,0.12));
#4145=CARTESIAN_POINT('',(-0.75,0.45,0.12));
#4146=CARTESIAN_POINT('Origin',(-0.100000002235174,0.65,0.));
#4147=CARTESIAN_POINT('',(-0.100000002235174,0.65,0.));
#4148=CARTESIAN_POINT('',(-0.100000002235174,0.6,0.));
#4149=CARTESIAN_POINT('',(-0.100000002235174,0.325,0.));
#4150=CARTESIAN_POINT('',(-0.100000002235174,0.65,0.12));
#4151=CARTESIAN_POINT('',(-0.100000002235174,0.65,0.));
#4152=CARTESIAN_POINT('',(-0.100000002235174,0.6,0.12));
#4153=CARTESIAN_POINT('',(-0.100000002235174,0.65,0.12));
#4154=CARTESIAN_POINT('',(-0.100000002235174,0.6,0.));
#4155=CARTESIAN_POINT('Origin',(0.0999999977648258,0.65,0.));
#4156=CARTESIAN_POINT('',(0.0999999977648258,0.65,0.));
#4157=CARTESIAN_POINT('',(0.0499999988824128,0.65,0.));
#4158=CARTESIAN_POINT('',(0.0999999977648258,0.65,0.12));
#4159=CARTESIAN_POINT('',(0.0999999977648258,0.65,0.));
#4160=CARTESIAN_POINT('',(0.0999999977648258,0.65,0.12));
#4161=CARTESIAN_POINT('Origin',(0.0999999977648258,0.6,0.));
#4162=CARTESIAN_POINT('',(0.0999999977648258,0.6,0.));
#4163=CARTESIAN_POINT('',(0.0999999977648258,0.3,0.));
#4164=CARTESIAN_POINT('',(0.0999999977648258,0.6,0.12));
#4165=CARTESIAN_POINT('',(0.0999999977648258,0.6,0.));
#4166=CARTESIAN_POINT('',(0.0999999977648258,0.6,0.12));
#4167=CARTESIAN_POINT('Origin',(0.320215555660443,0.6,0.));
#4168=CARTESIAN_POINT('',(0.320215555660443,0.6,0.));
#4169=CARTESIAN_POINT('',(0.160107777830221,0.6,0.));
#4170=CARTESIAN_POINT('',(0.320215555660443,0.6,0.12));
#4171=CARTESIAN_POINT('',(0.320215555660443,0.6,0.));
#4172=CARTESIAN_POINT('',(0.320215555660443,0.6,0.12));
#4173=CARTESIAN_POINT('Origin',(0.3,0.554268924030376,0.));
#4174=CARTESIAN_POINT('',(0.35,0.554268924030376,0.));
#4175=CARTESIAN_POINT('Origin',(0.3,0.554268924030376,0.));
#4176=CARTESIAN_POINT('',(0.35,0.554268924030376,0.12));
#4177=CARTESIAN_POINT('',(0.35,0.554268924030376,0.));
#4178=CARTESIAN_POINT('Origin',(0.3,0.554268924030376,0.12));
#4179=CARTESIAN_POINT('Origin',(0.35,-0.55,0.));
#4180=CARTESIAN_POINT('',(0.35,-0.55,0.));
#4181=CARTESIAN_POINT('',(0.35,-0.275,0.));
#4182=CARTESIAN_POINT('',(0.35,-0.55,0.12));
#4183=CARTESIAN_POINT('',(0.35,-0.55,0.));
#4184=CARTESIAN_POINT('',(0.35,-0.55,0.12));
#4185=CARTESIAN_POINT('Origin',(0.3,-0.55,0.));
#4186=CARTESIAN_POINT('',(0.3,-0.6,0.));
#4187=CARTESIAN_POINT('Origin',(0.3,-0.55,0.));
#4188=CARTESIAN_POINT('',(0.3,-0.6,0.12));
#4189=CARTESIAN_POINT('',(0.3,-0.6,0.));
#4190=CARTESIAN_POINT('Origin',(0.3,-0.55,0.12));
#4191=CARTESIAN_POINT('Origin',(0.1,-0.6,0.));
#4192=CARTESIAN_POINT('',(0.1,-0.6,0.));
#4193=CARTESIAN_POINT('',(0.0500000000000001,-0.6,0.));
#4194=CARTESIAN_POINT('',(0.1,-0.6,0.12));
#4195=CARTESIAN_POINT('',(0.1,-0.6,0.));
#4196=CARTESIAN_POINT('',(0.1,-0.6,0.12));
#4197=CARTESIAN_POINT('Origin',(0.1,-0.65,0.));
#4198=CARTESIAN_POINT('',(0.1,-0.65,0.));
#4199=CARTESIAN_POINT('',(0.100000000000002,-0.325,0.));
#4200=CARTESIAN_POINT('',(0.1,-0.65,0.12));
#4201=CARTESIAN_POINT('',(0.1,-0.65,0.));
#4202=CARTESIAN_POINT('',(0.1,-0.65,0.12));
#4203=CARTESIAN_POINT('Origin',(-0.1,-0.65,0.));
#4204=CARTESIAN_POINT('',(-0.1,-0.65,0.));
#4205=CARTESIAN_POINT('',(-0.0500000000000001,-0.65,0.));
#4206=CARTESIAN_POINT('',(-0.1,-0.65,0.12));
#4207=CARTESIAN_POINT('',(-0.1,-0.65,0.));
#4208=CARTESIAN_POINT('',(-0.1,-0.65,0.12));
#4209=CARTESIAN_POINT('Origin',(-0.1,-0.6,0.));
#4210=CARTESIAN_POINT('',(-0.1,-0.6,0.));
#4211=CARTESIAN_POINT('',(-0.100000000000002,-0.3,0.));
#4212=CARTESIAN_POINT('',(-0.1,-0.6,0.12));
#4213=CARTESIAN_POINT('',(-0.1,-0.6,0.));
#4214=CARTESIAN_POINT('',(-0.1,-0.6,0.12));
#4215=CARTESIAN_POINT('Origin',(-0.314617635038945,-0.6,0.));
#4216=CARTESIAN_POINT('',(-0.314617635038945,-0.6,0.));
#4217=CARTESIAN_POINT('',(-0.157308817519472,-0.6,0.));
#4218=CARTESIAN_POINT('',(-0.314617635038945,-0.6,0.12));
#4219=CARTESIAN_POINT('',(-0.314617635038945,-0.6,0.));
#4220=CARTESIAN_POINT('',(-0.314617635038945,-0.6,0.12));
#4221=CARTESIAN_POINT('Origin',(-0.3,-0.552184471707737,0.));
#4222=CARTESIAN_POINT('',(-0.35,-0.552184471707737,0.));
#4223=CARTESIAN_POINT('Origin',(-0.3,-0.552184471707737,0.));
#4224=CARTESIAN_POINT('',(-0.35,-0.552184471707737,0.12));
#4225=CARTESIAN_POINT('',(-0.35,-0.552184471707737,0.));
#4226=CARTESIAN_POINT('Origin',(-0.3,-0.552184471707737,0.12));
#4227=CARTESIAN_POINT('Origin',(-0.35,0.45,0.));
#4228=CARTESIAN_POINT('',(-0.35,0.45,0.));
#4229=CARTESIAN_POINT('',(-0.35,0.225,0.));
#4230=CARTESIAN_POINT('',(-0.35,0.45,0.12));
#4231=CARTESIAN_POINT('',(-0.35,0.45,0.));
#4232=CARTESIAN_POINT('',(-0.35,0.45,0.12));
#4233=CARTESIAN_POINT('Origin',(-0.2,0.6,0.));
#4234=CARTESIAN_POINT('',(-0.2,0.6,0.));
#4235=CARTESIAN_POINT('',(-0.3,0.5,0.));
#4236=CARTESIAN_POINT('',(-0.2,0.6,0.12));
#4237=CARTESIAN_POINT('',(-0.2,0.6,0.));
#4238=CARTESIAN_POINT('',(-0.2,0.6,0.12));
#4239=CARTESIAN_POINT('Origin',(-0.100000002235174,0.6,0.));
#4240=CARTESIAN_POINT('',(-0.0500000011175872,0.6,0.));
#4241=CARTESIAN_POINT('',(-0.100000002235174,0.6,0.12));
#4242=CARTESIAN_POINT('Origin',(0.,0.,0.12));
#4243=CARTESIAN_POINT('Origin',(-0.9,0.5,0.));
#4244=CARTESIAN_POINT('',(-0.75,0.5,0.12));
#4245=CARTESIAN_POINT('',(-0.75,0.5,0.));
#4246=CARTESIAN_POINT('',(-0.75,0.5,0.));
#4247=CARTESIAN_POINT('',(-0.599999999999999,0.5,0.12));
#4248=CARTESIAN_POINT('',(-0.599999999999999,0.5,0.12));
#4249=CARTESIAN_POINT('',(-0.599999999999999,0.5,0.));
#4250=CARTESIAN_POINT('',(-0.599999999999999,0.5,0.));
#4251=CARTESIAN_POINT('',(-0.45,0.5,0.));
#4252=CARTESIAN_POINT('Origin',(-0.599999999999999,0.7,0.));
#4253=CARTESIAN_POINT('',(-0.75,0.7,0.));
#4254=CARTESIAN_POINT('',(-0.75,0.7,0.12));
#4255=CARTESIAN_POINT('',(-0.75,0.7,0.));
#4256=CARTESIAN_POINT('',(-0.599999999999999,0.7,0.));
#4257=CARTESIAN_POINT('',(-0.3,0.7,0.));
#4258=CARTESIAN_POINT('',(-0.599999999999999,0.7,0.12));
#4259=CARTESIAN_POINT('',(-0.599999999999999,0.7,0.));
#4260=CARTESIAN_POINT('',(-0.9,0.7,0.12));
#4261=CARTESIAN_POINT('Origin',(-0.599999999999999,0.650000000000001,0.));
#4262=CARTESIAN_POINT('',(-0.55,0.650000000000001,0.));
#4263=CARTESIAN_POINT('Origin',(-0.599999999999999,0.650000000000001,0.));
#4264=CARTESIAN_POINT('',(-0.55,0.650000000000001,0.12));
#4265=CARTESIAN_POINT('',(-0.55,0.650000000000001,0.));
#4266=CARTESIAN_POINT('Origin',(-0.599999999999999,0.650000000000001,0.12));
#4267=CARTESIAN_POINT('Origin',(-0.55,0.549999999999999,0.));
#4268=CARTESIAN_POINT('',(-0.55,0.549999999999999,0.));
#4269=CARTESIAN_POINT('',(-0.55,0.274999999999999,0.));
#4270=CARTESIAN_POINT('',(-0.55,0.549999999999999,0.12));
#4271=CARTESIAN_POINT('',(-0.55,0.549999999999999,0.));
#4272=CARTESIAN_POINT('',(-0.55,0.650000000000001,0.12));
#4273=CARTESIAN_POINT('Origin',(-0.599999999999999,0.549999999999999,0.));
#4274=CARTESIAN_POINT('Origin',(-0.599999999999999,0.549999999999999,0.));
#4275=CARTESIAN_POINT('Origin',(-0.599999999999999,0.549999999999999,0.12));
#4276=CARTESIAN_POINT('Origin',(-0.725,0.6,0.12));
#4277=CARTESIAN_POINT('',(-0.75,0.65,0.12));
#4278=CARTESIAN_POINT('Origin',(0.9,-0.5,0.));
#4279=CARTESIAN_POINT('',(0.75,-0.5,0.12));
#4280=CARTESIAN_POINT('',(0.75,-0.5,0.));
#4281=CARTESIAN_POINT('',(0.75,-0.5,0.));
#4282=CARTESIAN_POINT('',(0.599999999999999,-0.5,0.12));
#4283=CARTESIAN_POINT('',(0.599999999999999,-0.5,0.12));
#4284=CARTESIAN_POINT('',(0.599999999999999,-0.5,0.));
#4285=CARTESIAN_POINT('',(0.599999999999999,-0.5,0.));
#4286=CARTESIAN_POINT('',(0.45,-0.5,0.));
#4287=CARTESIAN_POINT('Origin',(0.599999999999999,-0.7,0.));
#4288=CARTESIAN_POINT('',(0.75,-0.7,0.));
#4289=CARTESIAN_POINT('',(0.75,-0.7,0.12));
#4290=CARTESIAN_POINT('',(0.75,-0.7,0.));
#4291=CARTESIAN_POINT('',(0.599999999999999,-0.7,0.));
#4292=CARTESIAN_POINT('',(0.299999999999999,-0.7,0.));
#4293=CARTESIAN_POINT('',(0.599999999999999,-0.7,0.12));
#4294=CARTESIAN_POINT('',(0.599999999999999,-0.7,0.));
#4295=CARTESIAN_POINT('',(0.9,-0.7,0.12));
#4296=CARTESIAN_POINT('Origin',(0.599999999999999,-0.650000000000001,0.));
#4297=CARTESIAN_POINT('',(0.55,-0.650000000000001,0.));
#4298=CARTESIAN_POINT('Origin',(0.599999999999999,-0.650000000000001,0.));
#4299=CARTESIAN_POINT('',(0.55,-0.650000000000001,0.12));
#4300=CARTESIAN_POINT('',(0.55,-0.650000000000001,0.));
#4301=CARTESIAN_POINT('Origin',(0.599999999999999,-0.650000000000001,0.12));
#4302=CARTESIAN_POINT('Origin',(0.55,-0.549999999999999,0.));
#4303=CARTESIAN_POINT('',(0.55,-0.549999999999999,0.));
#4304=CARTESIAN_POINT('',(0.549999999999999,-0.274999999999999,0.));
#4305=CARTESIAN_POINT('',(0.55,-0.549999999999999,0.12));
#4306=CARTESIAN_POINT('',(0.55,-0.549999999999999,0.));
#4307=CARTESIAN_POINT('',(0.55,-0.650000000000001,0.12));
#4308=CARTESIAN_POINT('Origin',(0.599999999999999,-0.549999999999999,0.));
#4309=CARTESIAN_POINT('Origin',(0.599999999999999,-0.549999999999999,0.));
#4310=CARTESIAN_POINT('Origin',(0.599999999999999,-0.549999999999999,0.12));
#4311=CARTESIAN_POINT('Origin',(0.725,-0.6,0.12));
#4312=CARTESIAN_POINT('',(0.75,-0.65,0.12));
#4313=CARTESIAN_POINT('Origin',(-1.38777878078145E-16,0.,0.));
#4314=CARTESIAN_POINT('',(0.75,0.7,0.));
#4315=CARTESIAN_POINT('',(0.75,0.7,0.));
#4316=CARTESIAN_POINT('',(0.7,-0.75,0.));
#4317=CARTESIAN_POINT('Origin',(0.7,-0.7,0.));
#4318=CARTESIAN_POINT('',(-0.700000000000001,-0.75,0.));
#4319=CARTESIAN_POINT('',(0.7,-0.75,0.));
#4320=CARTESIAN_POINT('Origin',(-0.700000000000001,-0.7,0.));
#4321=CARTESIAN_POINT('',(-0.75,-0.7,0.));
#4322=CARTESIAN_POINT('',(-0.75,-0.7,0.));
#4323=CARTESIAN_POINT('',(-0.75,-0.7,0.));
#4324=CARTESIAN_POINT('',(-0.7,0.75,0.));
#4325=CARTESIAN_POINT('Origin',(-0.7,0.7,0.));
#4326=CARTESIAN_POINT('',(0.7,0.75,0.));
#4327=CARTESIAN_POINT('',(-0.7,0.75,0.));
#4328=CARTESIAN_POINT('Origin',(0.7,0.7,0.));
#4329=CARTESIAN_POINT('',(0.75,0.7,0.));
#4330=CARTESIAN_POINT('Origin',(0.75,-0.7,0.));
#4331=CARTESIAN_POINT('',(0.75,0.7,0.4));
#4332=CARTESIAN_POINT('',(0.75,0.7,0.));
#4333=CARTESIAN_POINT('',(0.75,-0.7,0.4));
#4334=CARTESIAN_POINT('',(0.75,0.7,0.4));
#4335=CARTESIAN_POINT('',(0.75,-0.7,0.));
#4336=CARTESIAN_POINT('Origin',(0.7,-0.7,0.));
#4337=CARTESIAN_POINT('',(0.7,-0.75,0.4));
#4338=CARTESIAN_POINT('Origin',(0.7,-0.7,0.4));
#4339=CARTESIAN_POINT('',(0.7,-0.75,0.));
#4340=CARTESIAN_POINT('Origin',(-0.700000000000001,-0.75,0.));
#4341=CARTESIAN_POINT('',(-0.700000000000001,-0.75,0.4));
#4342=CARTESIAN_POINT('',(0.7,-0.75,0.4));
#4343=CARTESIAN_POINT('',(-0.700000000000001,-0.75,0.));
#4344=CARTESIAN_POINT('Origin',(-0.700000000000001,-0.7,0.));
#4345=CARTESIAN_POINT('',(-0.75,-0.7,0.4));
#4346=CARTESIAN_POINT('Origin',(-0.700000000000001,-0.7,0.4));
#4347=CARTESIAN_POINT('',(-0.75,-0.7,0.));
#4348=CARTESIAN_POINT('Origin',(-0.75,0.7,0.));
#4349=CARTESIAN_POINT('',(-0.75,0.7,0.4));
#4350=CARTESIAN_POINT('',(-0.75,-0.7,0.4));
#4351=CARTESIAN_POINT('',(-0.75,0.7,0.));
#4352=CARTESIAN_POINT('Origin',(-0.7,0.7,0.));
#4353=CARTESIAN_POINT('',(-0.7,0.75,0.4));
#4354=CARTESIAN_POINT('Origin',(-0.7,0.7,0.4));
#4355=CARTESIAN_POINT('',(-0.7,0.75,0.));
#4356=CARTESIAN_POINT('Origin',(0.7,0.75,0.));
#4357=CARTESIAN_POINT('',(0.7,0.75,0.4));
#4358=CARTESIAN_POINT('',(-0.7,0.75,0.4));
#4359=CARTESIAN_POINT('',(0.7,0.75,0.));
#4360=CARTESIAN_POINT('Origin',(0.7,0.7,0.));
#4361=CARTESIAN_POINT('Origin',(0.7,0.7,0.4));
#4362=CARTESIAN_POINT('Origin',(-1.38777878078145E-16,0.,0.4));
#4363=CARTESIAN_POINT('Origin',(0.9,0.3,0.));
#4364=CARTESIAN_POINT('',(0.599999999999999,0.3,0.));
#4365=CARTESIAN_POINT('',(0.9,0.3,0.));
#4366=CARTESIAN_POINT('',(0.599999999999999,0.3,0.));
#4367=CARTESIAN_POINT('',(0.599999999999999,0.3,0.12));
#4368=CARTESIAN_POINT('',(0.599999999999999,0.3,0.));
#4369=CARTESIAN_POINT('',(0.9,0.3,0.12));
#4370=CARTESIAN_POINT('',(0.599999999999999,0.3,0.12));
#4371=CARTESIAN_POINT('',(0.9,0.3,0.));
#4372=CARTESIAN_POINT('Origin',(0.9,0.1,0.));
#4373=CARTESIAN_POINT('',(0.9,0.1,0.));
#4374=CARTESIAN_POINT('',(0.9,0.3,0.));
#4375=CARTESIAN_POINT('',(0.9,0.1,0.12));
#4376=CARTESIAN_POINT('',(0.9,0.3,0.12));
#4377=CARTESIAN_POINT('',(0.9,0.1,0.));
#4378=CARTESIAN_POINT('Origin',(0.599999999999999,0.1,0.));
#4379=CARTESIAN_POINT('',(0.599999999999999,0.1,0.));
#4380=CARTESIAN_POINT('',(0.9,0.1,0.));
#4381=CARTESIAN_POINT('',(0.599999999999999,0.1,0.12));
#4382=CARTESIAN_POINT('',(0.9,0.1,0.12));
#4383=CARTESIAN_POINT('',(0.599999999999999,0.1,0.));
#4384=CARTESIAN_POINT('Origin',(0.599999999999999,0.149999999999999,0.));
#4385=CARTESIAN_POINT('',(0.55,0.149999999999999,0.));
#4386=CARTESIAN_POINT('Origin',(0.599999999999999,0.149999999999999,0.));
#4387=CARTESIAN_POINT('',(0.55,0.149999999999999,0.12));
#4388=CARTESIAN_POINT('Origin',(0.599999999999999,0.149999999999999,0.12));
#4389=CARTESIAN_POINT('',(0.55,0.149999999999999,0.));
#4390=CARTESIAN_POINT('Origin',(0.55,0.250000000000001,0.));
#4391=CARTESIAN_POINT('',(0.55,0.250000000000001,0.));
#4392=CARTESIAN_POINT('',(0.55,0.149999999999999,0.));
#4393=CARTESIAN_POINT('',(0.55,0.250000000000001,0.12));
#4394=CARTESIAN_POINT('',(0.55,0.149999999999999,0.12));
#4395=CARTESIAN_POINT('',(0.55,0.250000000000001,0.));
#4396=CARTESIAN_POINT('Origin',(0.599999999999999,0.250000000000001,0.));
#4397=CARTESIAN_POINT('Origin',(0.599999999999999,0.250000000000001,0.));
#4398=CARTESIAN_POINT('Origin',(0.599999999999999,0.250000000000001,0.12));
#4399=CARTESIAN_POINT('Origin',(0.725,0.2,0.12));
#4400=CARTESIAN_POINT('Origin',(0.725,0.2,0.));
#4401=CARTESIAN_POINT('Origin',(-0.9,-0.3,0.));
#4402=CARTESIAN_POINT('',(-0.599999999999999,-0.3,0.));
#4403=CARTESIAN_POINT('',(-0.9,-0.3,0.));
#4404=CARTESIAN_POINT('',(-0.599999999999999,-0.3,0.));
#4405=CARTESIAN_POINT('',(-0.599999999999999,-0.3,0.12));
#4406=CARTESIAN_POINT('',(-0.599999999999999,-0.3,0.));
#4407=CARTESIAN_POINT('',(-0.9,-0.3,0.12));
#4408=CARTESIAN_POINT('',(-0.599999999999999,-0.3,0.12));
#4409=CARTESIAN_POINT('',(-0.9,-0.3,0.));
#4410=CARTESIAN_POINT('Origin',(-0.9,-0.1,0.));
#4411=CARTESIAN_POINT('',(-0.9,-0.1,0.));
#4412=CARTESIAN_POINT('',(-0.9,-0.3,0.));
#4413=CARTESIAN_POINT('',(-0.9,-0.1,0.12));
#4414=CARTESIAN_POINT('',(-0.9,-0.3,0.12));
#4415=CARTESIAN_POINT('',(-0.9,-0.1,0.));
#4416=CARTESIAN_POINT('Origin',(-0.599999999999999,-0.1,0.));
#4417=CARTESIAN_POINT('',(-0.599999999999999,-0.1,0.));
#4418=CARTESIAN_POINT('',(-0.9,-0.1,0.));
#4419=CARTESIAN_POINT('',(-0.599999999999999,-0.1,0.12));
#4420=CARTESIAN_POINT('',(-0.9,-0.1,0.12));
#4421=CARTESIAN_POINT('',(-0.599999999999999,-0.1,0.));
#4422=CARTESIAN_POINT('Origin',(-0.599999999999999,-0.149999999999999,0.));
#4423=CARTESIAN_POINT('',(-0.55,-0.149999999999999,0.));
#4424=CARTESIAN_POINT('Origin',(-0.599999999999999,-0.149999999999999,0.));
#4425=CARTESIAN_POINT('',(-0.55,-0.149999999999999,0.12));
#4426=CARTESIAN_POINT('Origin',(-0.599999999999999,-0.149999999999999,0.12));
#4427=CARTESIAN_POINT('',(-0.55,-0.149999999999999,0.));
#4428=CARTESIAN_POINT('Origin',(-0.55,-0.250000000000001,0.));
#4429=CARTESIAN_POINT('',(-0.55,-0.250000000000001,0.));
#4430=CARTESIAN_POINT('',(-0.55,-0.149999999999999,0.));
#4431=CARTESIAN_POINT('',(-0.55,-0.250000000000001,0.12));
#4432=CARTESIAN_POINT('',(-0.55,-0.149999999999999,0.12));
#4433=CARTESIAN_POINT('',(-0.55,-0.250000000000001,0.));
#4434=CARTESIAN_POINT('Origin',(-0.599999999999999,-0.250000000000001,0.));
#4435=CARTESIAN_POINT('Origin',(-0.599999999999999,-0.250000000000001,0.));
#4436=CARTESIAN_POINT('Origin',(-0.599999999999999,-0.250000000000001,0.12));
#4437=CARTESIAN_POINT('Origin',(-0.725,-0.2,0.12));
#4438=CARTESIAN_POINT('Origin',(-0.725,-0.2,0.));
#4439=CARTESIAN_POINT('Origin',(-0.599999999999999,-0.5,0.));
#4440=CARTESIAN_POINT('',(-0.599999999999999,-0.5,0.));
#4441=CARTESIAN_POINT('',(-0.9,-0.5,0.));
#4442=CARTESIAN_POINT('',(-0.599999999999999,-0.5,0.));
#4443=CARTESIAN_POINT('',(-0.9,-0.5,0.12));
#4444=CARTESIAN_POINT('',(-0.9,-0.5,0.));
#4445=CARTESIAN_POINT('',(-0.599999999999999,-0.5,0.12));
#4446=CARTESIAN_POINT('',(-0.599999999999999,-0.5,0.12));
#4447=CARTESIAN_POINT('',(-0.599999999999999,-0.5,0.));
#4448=CARTESIAN_POINT('Origin',(-0.599999999999999,-0.549999999999999,0.));
#4449=CARTESIAN_POINT('',(-0.55,-0.549999999999999,0.));
#4450=CARTESIAN_POINT('Origin',(-0.599999999999999,-0.549999999999999,0.));
#4451=CARTESIAN_POINT('',(-0.55,-0.549999999999999,0.12));
#4452=CARTESIAN_POINT('Origin',(-0.599999999999999,-0.549999999999999,0.12));
#4453=CARTESIAN_POINT('',(-0.55,-0.549999999999999,0.));
#4454=CARTESIAN_POINT('Origin',(-0.55,-0.650000000000001,0.));
#4455=CARTESIAN_POINT('',(-0.55,-0.650000000000001,0.));
#4456=CARTESIAN_POINT('',(-0.55,-0.650000000000001,0.));
#4457=CARTESIAN_POINT('',(-0.55,-0.650000000000001,0.12));
#4458=CARTESIAN_POINT('',(-0.55,-0.650000000000001,0.12));
#4459=CARTESIAN_POINT('',(-0.55,-0.650000000000001,0.));
#4460=CARTESIAN_POINT('Origin',(-0.599999999999999,-0.650000000000001,0.));
#4461=CARTESIAN_POINT('',(-0.599999999999999,-0.7,0.));
#4462=CARTESIAN_POINT('Origin',(-0.599999999999999,-0.650000000000001,0.));
#4463=CARTESIAN_POINT('',(-0.599999999999999,-0.7,0.12));
#4464=CARTESIAN_POINT('Origin',(-0.599999999999999,-0.650000000000001,0.12));
#4465=CARTESIAN_POINT('',(-0.599999999999999,-0.7,0.));
#4466=CARTESIAN_POINT('Origin',(-0.9,-0.7,0.));
#4467=CARTESIAN_POINT('',(-0.9,-0.7,0.));
#4468=CARTESIAN_POINT('',(-0.9,-0.7,0.));
#4469=CARTESIAN_POINT('',(-0.9,-0.7,0.12));
#4470=CARTESIAN_POINT('',(-0.9,-0.7,0.12));
#4471=CARTESIAN_POINT('',(-0.9,-0.7,0.));
#4472=CARTESIAN_POINT('Origin',(-0.9,-0.5,0.));
#4473=CARTESIAN_POINT('',(-0.9,-0.5,0.));
#4474=CARTESIAN_POINT('',(-0.9,-0.5,0.12));
#4475=CARTESIAN_POINT('Origin',(-0.725,-0.6,0.12));
#4476=CARTESIAN_POINT('Origin',(-0.725,-0.6,0.));
#4477=CARTESIAN_POINT('Origin',(0.599999999999999,0.650000000000001,0.));
#4478=CARTESIAN_POINT('',(0.599999999999999,0.7,0.));
#4479=CARTESIAN_POINT('',(0.55,0.650000000000001,0.));
#4480=CARTESIAN_POINT('Origin',(0.599999999999999,0.650000000000001,0.));
#4481=CARTESIAN_POINT('',(0.55,0.650000000000001,0.12));
#4482=CARTESIAN_POINT('',(0.55,0.650000000000001,0.));
#4483=CARTESIAN_POINT('',(0.599999999999999,0.7,0.12));
#4484=CARTESIAN_POINT('Origin',(0.599999999999999,0.650000000000001,0.12));
#4485=CARTESIAN_POINT('',(0.599999999999999,0.7,0.));
#4486=CARTESIAN_POINT('Origin',(0.9,0.7,0.));
#4487=CARTESIAN_POINT('',(0.9,0.7,0.));
#4488=CARTESIAN_POINT('',(0.9,0.7,0.));
#4489=CARTESIAN_POINT('',(0.9,0.7,0.12));
#4490=CARTESIAN_POINT('',(0.9,0.7,0.12));
#4491=CARTESIAN_POINT('',(0.9,0.7,0.));
#4492=CARTESIAN_POINT('Origin',(0.9,0.5,0.));
#4493=CARTESIAN_POINT('',(0.9,0.5,0.));
#4494=CARTESIAN_POINT('',(0.9,0.5,0.));
#4495=CARTESIAN_POINT('',(0.9,0.5,0.12));
#4496=CARTESIAN_POINT('',(0.9,0.5,0.12));
#4497=CARTESIAN_POINT('',(0.9,0.5,0.));
#4498=CARTESIAN_POINT('Origin',(0.599999999999999,0.5,0.));
#4499=CARTESIAN_POINT('',(0.599999999999999,0.5,0.));
#4500=CARTESIAN_POINT('',(0.599999999999999,0.5,0.));
#4501=CARTESIAN_POINT('',(0.599999999999999,0.5,0.12));
#4502=CARTESIAN_POINT('',(0.599999999999999,0.5,0.12));
#4503=CARTESIAN_POINT('',(0.599999999999999,0.5,0.));
#4504=CARTESIAN_POINT('Origin',(0.599999999999999,0.549999999999999,0.));
#4505=CARTESIAN_POINT('',(0.55,0.549999999999999,0.));
#4506=CARTESIAN_POINT('Origin',(0.599999999999999,0.549999999999999,0.));
#4507=CARTESIAN_POINT('',(0.55,0.549999999999999,0.12));
#4508=CARTESIAN_POINT('Origin',(0.599999999999999,0.549999999999999,0.12));
#4509=CARTESIAN_POINT('',(0.55,0.549999999999999,0.));
#4510=CARTESIAN_POINT('Origin',(0.55,0.650000000000001,0.));
#4511=CARTESIAN_POINT('',(0.55,0.650000000000001,0.));
#4512=CARTESIAN_POINT('',(0.55,0.650000000000001,0.12));
#4513=CARTESIAN_POINT('Origin',(0.725,0.6,0.12));
#4514=CARTESIAN_POINT('Origin',(0.725,0.6,0.));
#4515=CARTESIAN_POINT('Origin',(0.55,-0.149999999999999,0.));
#4516=CARTESIAN_POINT('',(0.55,-0.149999999999999,0.));
#4517=CARTESIAN_POINT('',(0.55,-0.250000000000001,0.));
#4518=CARTESIAN_POINT('',(0.55,-0.149999999999999,0.));
#4519=CARTESIAN_POINT('',(0.55,-0.250000000000001,0.12));
#4520=CARTESIAN_POINT('',(0.55,-0.250000000000001,0.));
#4521=CARTESIAN_POINT('',(0.55,-0.149999999999999,0.12));
#4522=CARTESIAN_POINT('',(0.55,-0.149999999999999,0.12));
#4523=CARTESIAN_POINT('',(0.55,-0.149999999999999,0.));
#4524=CARTESIAN_POINT('Origin',(0.599999999999999,-0.149999999999999,0.));
#4525=CARTESIAN_POINT('',(0.599999999999999,-0.1,0.));
#4526=CARTESIAN_POINT('Origin',(0.599999999999999,-0.149999999999999,0.));
#4527=CARTESIAN_POINT('',(0.599999999999999,-0.1,0.12));
#4528=CARTESIAN_POINT('Origin',(0.599999999999999,-0.149999999999999,0.12));
#4529=CARTESIAN_POINT('',(0.599999999999999,-0.1,0.));
#4530=CARTESIAN_POINT('Origin',(0.9,-0.1,0.));
#4531=CARTESIAN_POINT('',(0.9,-0.1,0.));
#4532=CARTESIAN_POINT('',(0.9,-0.1,0.));
#4533=CARTESIAN_POINT('',(0.9,-0.1,0.12));
#4534=CARTESIAN_POINT('',(0.9,-0.1,0.12));
#4535=CARTESIAN_POINT('',(0.9,-0.1,0.));
#4536=CARTESIAN_POINT('Origin',(0.9,-0.3,0.));
#4537=CARTESIAN_POINT('',(0.9,-0.3,0.));
#4538=CARTESIAN_POINT('',(0.9,-0.3,0.));
#4539=CARTESIAN_POINT('',(0.9,-0.3,0.12));
#4540=CARTESIAN_POINT('',(0.9,-0.3,0.12));
#4541=CARTESIAN_POINT('',(0.9,-0.3,0.));
#4542=CARTESIAN_POINT('Origin',(0.599999999999999,-0.3,0.));
#4543=CARTESIAN_POINT('',(0.599999999999999,-0.3,0.));
#4544=CARTESIAN_POINT('',(0.599999999999999,-0.3,0.));
#4545=CARTESIAN_POINT('',(0.599999999999999,-0.3,0.12));
#4546=CARTESIAN_POINT('',(0.599999999999999,-0.3,0.12));
#4547=CARTESIAN_POINT('',(0.599999999999999,-0.3,0.));
#4548=CARTESIAN_POINT('Origin',(0.599999999999999,-0.250000000000001,0.));
#4549=CARTESIAN_POINT('Origin',(0.599999999999999,-0.250000000000001,0.));
#4550=CARTESIAN_POINT('Origin',(0.599999999999999,-0.250000000000001,0.12));
#4551=CARTESIAN_POINT('Origin',(0.725,-0.2,0.12));
#4552=CARTESIAN_POINT('Origin',(0.725,-0.2,0.));
#4553=CARTESIAN_POINT('Origin',(-0.55,0.149999999999999,0.));
#4554=CARTESIAN_POINT('',(-0.55,0.149999999999999,0.));
#4555=CARTESIAN_POINT('',(-0.55,0.250000000000001,0.));
#4556=CARTESIAN_POINT('',(-0.55,0.149999999999999,0.));
#4557=CARTESIAN_POINT('',(-0.55,0.250000000000001,0.12));
#4558=CARTESIAN_POINT('',(-0.55,0.250000000000001,0.));
#4559=CARTESIAN_POINT('',(-0.55,0.149999999999999,0.12));
#4560=CARTESIAN_POINT('',(-0.55,0.149999999999999,0.12));
#4561=CARTESIAN_POINT('',(-0.55,0.149999999999999,0.));
#4562=CARTESIAN_POINT('Origin',(-0.599999999999999,0.149999999999999,0.));
#4563=CARTESIAN_POINT('',(-0.599999999999999,0.1,0.));
#4564=CARTESIAN_POINT('Origin',(-0.599999999999999,0.149999999999999,0.));
#4565=CARTESIAN_POINT('',(-0.599999999999999,0.1,0.12));
#4566=CARTESIAN_POINT('Origin',(-0.599999999999999,0.149999999999999,0.12));
#4567=CARTESIAN_POINT('',(-0.599999999999999,0.1,0.));
#4568=CARTESIAN_POINT('Origin',(-0.9,0.1,0.));
#4569=CARTESIAN_POINT('',(-0.9,0.1,0.));
#4570=CARTESIAN_POINT('',(-0.9,0.1,0.));
#4571=CARTESIAN_POINT('',(-0.9,0.1,0.12));
#4572=CARTESIAN_POINT('',(-0.9,0.1,0.12));
#4573=CARTESIAN_POINT('',(-0.9,0.1,0.));
#4574=CARTESIAN_POINT('Origin',(-0.9,0.3,0.));
#4575=CARTESIAN_POINT('',(-0.9,0.3,0.));
#4576=CARTESIAN_POINT('',(-0.9,0.3,0.));
#4577=CARTESIAN_POINT('',(-0.9,0.3,0.12));
#4578=CARTESIAN_POINT('',(-0.9,0.3,0.12));
#4579=CARTESIAN_POINT('',(-0.9,0.3,0.));
#4580=CARTESIAN_POINT('Origin',(-0.599999999999999,0.3,0.));
#4581=CARTESIAN_POINT('',(-0.599999999999999,0.3,0.));
#4582=CARTESIAN_POINT('',(-0.599999999999999,0.3,0.));
#4583=CARTESIAN_POINT('',(-0.599999999999999,0.3,0.12));
#4584=CARTESIAN_POINT('',(-0.599999999999999,0.3,0.12));
#4585=CARTESIAN_POINT('',(-0.599999999999999,0.3,0.));
#4586=CARTESIAN_POINT('Origin',(-0.599999999999999,0.250000000000001,0.));
#4587=CARTESIAN_POINT('Origin',(-0.599999999999999,0.250000000000001,0.));
#4588=CARTESIAN_POINT('Origin',(-0.599999999999999,0.250000000000001,0.12));
#4589=CARTESIAN_POINT('Origin',(-0.725,0.2,0.12));
#4590=CARTESIAN_POINT('Origin',(-0.725,0.2,0.));
#4591=CARTESIAN_POINT('Origin',(-0.100000002235174,0.65,0.));
#4592=CARTESIAN_POINT('',(-0.100000002235174,0.65,0.));
#4593=CARTESIAN_POINT('',(-0.100000002235174,0.6,0.));
#4594=CARTESIAN_POINT('',(-0.100000002235174,0.65,0.));
#4595=CARTESIAN_POINT('',(-0.100000002235174,0.6,0.12));
#4596=CARTESIAN_POINT('',(-0.100000002235174,0.6,0.));
#4597=CARTESIAN_POINT('',(-0.100000002235174,0.65,0.12));
#4598=CARTESIAN_POINT('',(-0.100000002235174,0.65,0.12));
#4599=CARTESIAN_POINT('',(-0.100000002235174,0.65,0.));
#4600=CARTESIAN_POINT('Origin',(0.0999999977648258,0.65,0.));
#4601=CARTESIAN_POINT('',(0.0999999977648258,0.65,0.));
#4602=CARTESIAN_POINT('',(0.0999999977648258,0.65,0.));
#4603=CARTESIAN_POINT('',(0.0999999977648258,0.65,0.12));
#4604=CARTESIAN_POINT('',(0.0999999977648258,0.65,0.12));
#4605=CARTESIAN_POINT('',(0.0999999977648258,0.65,0.));
#4606=CARTESIAN_POINT('Origin',(0.0999999977648258,0.6,0.));
#4607=CARTESIAN_POINT('',(0.0999999977648258,0.6,0.));
#4608=CARTESIAN_POINT('',(0.0999999977648258,0.6,0.));
#4609=CARTESIAN_POINT('',(0.0999999977648258,0.6,0.12));
#4610=CARTESIAN_POINT('',(0.0999999977648258,0.6,0.12));
#4611=CARTESIAN_POINT('',(0.0999999977648258,0.6,0.));
#4612=CARTESIAN_POINT('Origin',(0.320215555660443,0.6,0.));
#4613=CARTESIAN_POINT('',(0.320215555660443,0.6,0.));
#4614=CARTESIAN_POINT('',(0.320215555660443,0.6,0.));
#4615=CARTESIAN_POINT('',(0.320215555660443,0.6,0.12));
#4616=CARTESIAN_POINT('',(0.320215555660443,0.6,0.12));
#4617=CARTESIAN_POINT('',(0.320215555660443,0.6,0.));
#4618=CARTESIAN_POINT('Origin',(0.3,0.554268924030376,0.));
#4619=CARTESIAN_POINT('',(0.35,0.554268924030376,0.));
#4620=CARTESIAN_POINT('Origin',(0.3,0.554268924030376,0.));
#4621=CARTESIAN_POINT('',(0.35,0.554268924030376,0.12));
#4622=CARTESIAN_POINT('Origin',(0.3,0.554268924030376,0.12));
#4623=CARTESIAN_POINT('',(0.35,0.554268924030376,0.));
#4624=CARTESIAN_POINT('Origin',(0.35,-0.55,0.));
#4625=CARTESIAN_POINT('',(0.35,-0.55,0.));
#4626=CARTESIAN_POINT('',(0.35,-0.55,0.));
#4627=CARTESIAN_POINT('',(0.35,-0.55,0.12));
#4628=CARTESIAN_POINT('',(0.35,-0.55,0.12));
#4629=CARTESIAN_POINT('',(0.35,-0.55,0.));
#4630=CARTESIAN_POINT('Origin',(0.3,-0.55,0.));
#4631=CARTESIAN_POINT('',(0.3,-0.6,0.));
#4632=CARTESIAN_POINT('Origin',(0.3,-0.55,0.));
#4633=CARTESIAN_POINT('',(0.3,-0.6,0.12));
#4634=CARTESIAN_POINT('Origin',(0.3,-0.55,0.12));
#4635=CARTESIAN_POINT('',(0.3,-0.6,0.));
#4636=CARTESIAN_POINT('Origin',(0.1,-0.6,0.));
#4637=CARTESIAN_POINT('',(0.1,-0.6,0.));
#4638=CARTESIAN_POINT('',(0.1,-0.6,0.));
#4639=CARTESIAN_POINT('',(0.1,-0.6,0.12));
#4640=CARTESIAN_POINT('',(0.1,-0.6,0.12));
#4641=CARTESIAN_POINT('',(0.1,-0.6,0.));
#4642=CARTESIAN_POINT('Origin',(0.1,-0.65,0.));
#4643=CARTESIAN_POINT('',(0.1,-0.65,0.));
#4644=CARTESIAN_POINT('',(0.1,-0.65,0.));
#4645=CARTESIAN_POINT('',(0.1,-0.65,0.12));
#4646=CARTESIAN_POINT('',(0.1,-0.65,0.12));
#4647=CARTESIAN_POINT('',(0.1,-0.65,0.));
#4648=CARTESIAN_POINT('Origin',(-0.1,-0.65,0.));
#4649=CARTESIAN_POINT('',(-0.1,-0.65,0.));
#4650=CARTESIAN_POINT('',(-0.1,-0.65,0.));
#4651=CARTESIAN_POINT('',(-0.1,-0.65,0.12));
#4652=CARTESIAN_POINT('',(-0.1,-0.65,0.12));
#4653=CARTESIAN_POINT('',(-0.1,-0.65,0.));
#4654=CARTESIAN_POINT('Origin',(-0.1,-0.6,0.));
#4655=CARTESIAN_POINT('',(-0.1,-0.6,0.));
#4656=CARTESIAN_POINT('',(-0.1,-0.6,0.));
#4657=CARTESIAN_POINT('',(-0.1,-0.6,0.12));
#4658=CARTESIAN_POINT('',(-0.1,-0.6,0.12));
#4659=CARTESIAN_POINT('',(-0.1,-0.6,0.));
#4660=CARTESIAN_POINT('Origin',(-0.314617635038945,-0.6,0.));
#4661=CARTESIAN_POINT('',(-0.314617635038945,-0.6,0.));
#4662=CARTESIAN_POINT('',(-0.314617635038945,-0.6,0.));
#4663=CARTESIAN_POINT('',(-0.314617635038945,-0.6,0.12));
#4664=CARTESIAN_POINT('',(-0.314617635038945,-0.6,0.12));
#4665=CARTESIAN_POINT('',(-0.314617635038945,-0.6,0.));
#4666=CARTESIAN_POINT('Origin',(-0.3,-0.552184471707737,0.));
#4667=CARTESIAN_POINT('',(-0.35,-0.552184471707737,0.));
#4668=CARTESIAN_POINT('Origin',(-0.3,-0.552184471707737,0.));
#4669=CARTESIAN_POINT('',(-0.35,-0.552184471707737,0.12));
#4670=CARTESIAN_POINT('Origin',(-0.3,-0.552184471707737,0.12));
#4671=CARTESIAN_POINT('',(-0.35,-0.552184471707737,0.));
#4672=CARTESIAN_POINT('Origin',(-0.35,0.45,0.));
#4673=CARTESIAN_POINT('',(-0.35,0.45,0.));
#4674=CARTESIAN_POINT('',(-0.35,0.45,0.));
#4675=CARTESIAN_POINT('',(-0.35,0.45,0.12));
#4676=CARTESIAN_POINT('',(-0.35,0.45,0.12));
#4677=CARTESIAN_POINT('',(-0.35,0.45,0.));
#4678=CARTESIAN_POINT('Origin',(-0.2,0.6,0.));
#4679=CARTESIAN_POINT('',(-0.2,0.6,0.));
#4680=CARTESIAN_POINT('',(-0.2,0.6,0.));
#4681=CARTESIAN_POINT('',(-0.2,0.6,0.12));
#4682=CARTESIAN_POINT('',(-0.2,0.6,0.12));
#4683=CARTESIAN_POINT('',(-0.2,0.6,0.));
#4684=CARTESIAN_POINT('Origin',(-0.100000002235174,0.6,0.));
#4685=CARTESIAN_POINT('',(-0.100000002235174,0.6,0.));
#4686=CARTESIAN_POINT('',(-0.100000002235174,0.6,0.12));
#4687=CARTESIAN_POINT('Origin',(0.,0.,0.12));
#4688=CARTESIAN_POINT('Origin',(0.,0.,0.));
#4689=CARTESIAN_POINT('Origin',(-0.9,0.5,0.));
#4690=CARTESIAN_POINT('',(-0.599999999999999,0.5,0.));
#4691=CARTESIAN_POINT('',(-0.9,0.5,0.));
#4692=CARTESIAN_POINT('',(-0.599999999999999,0.5,0.));
#4693=CARTESIAN_POINT('',(-0.599999999999999,0.5,0.12));
#4694=CARTESIAN_POINT('',(-0.599999999999999,0.5,0.));
#4695=CARTESIAN_POINT('',(-0.9,0.5,0.12));
#4696=CARTESIAN_POINT('',(-0.599999999999999,0.5,0.12));
#4697=CARTESIAN_POINT('',(-0.9,0.5,0.));
#4698=CARTESIAN_POINT('Origin',(-0.9,0.7,0.));
#4699=CARTESIAN_POINT('',(-0.9,0.7,0.));
#4700=CARTESIAN_POINT('',(-0.9,0.5,0.));
#4701=CARTESIAN_POINT('',(-0.9,0.7,0.12));
#4702=CARTESIAN_POINT('',(-0.9,0.5,0.12));
#4703=CARTESIAN_POINT('',(-0.9,0.7,0.));
#4704=CARTESIAN_POINT('Origin',(-0.599999999999999,0.7,0.));
#4705=CARTESIAN_POINT('',(-0.599999999999999,0.7,0.));
#4706=CARTESIAN_POINT('',(-0.9,0.7,0.));
#4707=CARTESIAN_POINT('',(-0.599999999999999,0.7,0.12));
#4708=CARTESIAN_POINT('',(-0.9,0.7,0.12));
#4709=CARTESIAN_POINT('',(-0.599999999999999,0.7,0.));
#4710=CARTESIAN_POINT('Origin',(-0.599999999999999,0.650000000000001,0.));
#4711=CARTESIAN_POINT('',(-0.55,0.650000000000001,0.));
#4712=CARTESIAN_POINT('Origin',(-0.599999999999999,0.650000000000001,0.));
#4713=CARTESIAN_POINT('',(-0.55,0.650000000000001,0.12));
#4714=CARTESIAN_POINT('Origin',(-0.599999999999999,0.650000000000001,0.12));
#4715=CARTESIAN_POINT('',(-0.55,0.650000000000001,0.));
#4716=CARTESIAN_POINT('Origin',(-0.55,0.549999999999999,0.));
#4717=CARTESIAN_POINT('',(-0.55,0.549999999999999,0.));
#4718=CARTESIAN_POINT('',(-0.55,0.650000000000001,0.));
#4719=CARTESIAN_POINT('',(-0.55,0.549999999999999,0.12));
#4720=CARTESIAN_POINT('',(-0.55,0.650000000000001,0.12));
#4721=CARTESIAN_POINT('',(-0.55,0.549999999999999,0.));
#4722=CARTESIAN_POINT('Origin',(-0.599999999999999,0.549999999999999,0.));
#4723=CARTESIAN_POINT('Origin',(-0.599999999999999,0.549999999999999,0.));
#4724=CARTESIAN_POINT('Origin',(-0.599999999999999,0.549999999999999,0.12));
#4725=CARTESIAN_POINT('Origin',(-0.725,0.6,0.12));
#4726=CARTESIAN_POINT('Origin',(-0.725,0.6,0.));
#4727=CARTESIAN_POINT('Origin',(0.9,-0.5,0.));
#4728=CARTESIAN_POINT('',(0.599999999999999,-0.5,0.));
#4729=CARTESIAN_POINT('',(0.9,-0.5,0.));
#4730=CARTESIAN_POINT('',(0.599999999999999,-0.5,0.));
#4731=CARTESIAN_POINT('',(0.599999999999999,-0.5,0.12));
#4732=CARTESIAN_POINT('',(0.599999999999999,-0.5,0.));
#4733=CARTESIAN_POINT('',(0.9,-0.5,0.12));
#4734=CARTESIAN_POINT('',(0.599999999999999,-0.5,0.12));
#4735=CARTESIAN_POINT('',(0.9,-0.5,0.));
#4736=CARTESIAN_POINT('Origin',(0.9,-0.7,0.));
#4737=CARTESIAN_POINT('',(0.9,-0.7,0.));
#4738=CARTESIAN_POINT('',(0.9,-0.5,0.));
#4739=CARTESIAN_POINT('',(0.9,-0.7,0.12));
#4740=CARTESIAN_POINT('',(0.9,-0.5,0.12));
#4741=CARTESIAN_POINT('',(0.9,-0.7,0.));
#4742=CARTESIAN_POINT('Origin',(0.599999999999999,-0.7,0.));
#4743=CARTESIAN_POINT('',(0.599999999999999,-0.7,0.));
#4744=CARTESIAN_POINT('',(0.9,-0.7,0.));
#4745=CARTESIAN_POINT('',(0.599999999999999,-0.7,0.12));
#4746=CARTESIAN_POINT('',(0.9,-0.7,0.12));
#4747=CARTESIAN_POINT('',(0.599999999999999,-0.7,0.));
#4748=CARTESIAN_POINT('Origin',(0.599999999999999,-0.650000000000001,0.));
#4749=CARTESIAN_POINT('',(0.55,-0.650000000000001,0.));
#4750=CARTESIAN_POINT('Origin',(0.599999999999999,-0.650000000000001,0.));
#4751=CARTESIAN_POINT('',(0.55,-0.650000000000001,0.12));
#4752=CARTESIAN_POINT('Origin',(0.599999999999999,-0.650000000000001,0.12));
#4753=CARTESIAN_POINT('',(0.55,-0.650000000000001,0.));
#4754=CARTESIAN_POINT('Origin',(0.55,-0.549999999999999,0.));
#4755=CARTESIAN_POINT('',(0.55,-0.549999999999999,0.));
#4756=CARTESIAN_POINT('',(0.55,-0.650000000000001,0.));
#4757=CARTESIAN_POINT('',(0.55,-0.549999999999999,0.12));
#4758=CARTESIAN_POINT('',(0.55,-0.650000000000001,0.12));
#4759=CARTESIAN_POINT('',(0.55,-0.549999999999999,0.));
#4760=CARTESIAN_POINT('Origin',(0.599999999999999,-0.549999999999999,0.));
#4761=CARTESIAN_POINT('Origin',(0.599999999999999,-0.549999999999999,0.));
#4762=CARTESIAN_POINT('Origin',(0.599999999999999,-0.549999999999999,0.12));
#4763=CARTESIAN_POINT('Origin',(0.725,-0.6,0.12));
#4764=CARTESIAN_POINT('Origin',(0.725,-0.6,0.));
#4765=UNCERTAINTY_MEASURE_WITH_UNIT(LENGTH_MEASURE(0.01),#4769,
'DISTANCE_ACCURACY_VALUE',
'Maximum model space distance between geometric entities at asserted c
onnectivities');
#4766=UNCERTAINTY_MEASURE_WITH_UNIT(LENGTH_MEASURE(0.01),#4769,
'DISTANCE_ACCURACY_VALUE',
'Maximum model space distance between geometric entities at asserted c
onnectivities');
#4767=(
GEOMETRIC_REPRESENTATION_CONTEXT(3)
GLOBAL_UNCERTAINTY_ASSIGNED_CONTEXT((#4765))
GLOBAL_UNIT_ASSIGNED_CONTEXT((#4769,#4771,#4772))
REPRESENTATION_CONTEXT('','3D')
);
#4768=(
GEOMETRIC_REPRESENTATION_CONTEXT(3)
GLOBAL_UNCERTAINTY_ASSIGNED_CONTEXT((#4766))
GLOBAL_UNIT_ASSIGNED_CONTEXT((#4769,#4771,#4772))
REPRESENTATION_CONTEXT('','3D')
);
#4769=(
LENGTH_UNIT()
NAMED_UNIT(*)
SI_UNIT(.MILLI.,.METRE.)
);
#4770=(
LENGTH_UNIT()
NAMED_UNIT(*)
SI_UNIT($,.METRE.)
);
#4771=(
NAMED_UNIT(*)
PLANE_ANGLE_UNIT()
SI_UNIT($,.RADIAN.)
);
#4772=(
NAMED_UNIT(*)
SI_UNIT($,.STERADIAN.)
SOLID_ANGLE_UNIT()
);
#4773=SHAPE_DEFINITION_REPRESENTATION(#4774,#4775);
#4774=PRODUCT_DEFINITION_SHAPE('',$,#4777);
#4775=SHAPE_REPRESENTATION('',(#2889),#4767);
#4776=PRODUCT_DEFINITION_CONTEXT('part definition',#4781,'design');
#4777=PRODUCT_DEFINITION('(\X2\672A4FDD5B58\X0\)','(\X2\672A4FDD5B58\X0\)',
#4778,#4776);
#4778=PRODUCT_DEFINITION_FORMATION('',$,#4783);
#4779=PRODUCT_RELATED_PRODUCT_CATEGORY('(\X2\672A4FDD5B58\X0\)',
'(\X2\672A4FDD5B58\X0\)',(#4783));
#4780=APPLICATION_PROTOCOL_DEFINITION('international standard',
'automotive_design',2009,#4781);
#4781=APPLICATION_CONTEXT(
'Core Data for Automotive Mechanical Design Process');
#4782=PRODUCT_CONTEXT('part definition',#4781,'mechanical');
#4783=PRODUCT('(\X2\672A4FDD5B58\X0\)','(\X2\672A4FDD5B58\X0\)',$,(#4782));
#4784=PRESENTATION_STYLE_ASSIGNMENT((#4786));
#4785=PRESENTATION_STYLE_ASSIGNMENT((#4787));
#4786=SURFACE_STYLE_USAGE(.BOTH.,#4788);
#4787=SURFACE_STYLE_USAGE(.BOTH.,#4789);
#4788=SURFACE_SIDE_STYLE('',(#4790));
#4789=SURFACE_SIDE_STYLE('',(#4791));
#4790=SURFACE_STYLE_FILL_AREA(#4792);
#4791=SURFACE_STYLE_FILL_AREA(#4793);
#4792=FILL_AREA_STYLE('\X2\94A2\X0\ - \X2\7F0E5149\X0\',(#4794));
#4793=FILL_AREA_STYLE('\X2\94F6\X0\ - \X2\629B5149\X0\',(#4795));
#4794=FILL_AREA_STYLE_COLOUR('\X2\94A2\X0\ - \X2\7F0E5149\X0\',#4796);
#4795=FILL_AREA_STYLE_COLOUR('\X2\94F6\X0\ - \X2\629B5149\X0\',#4797);
#4796=COLOUR_RGB('\X2\94A2\X0\ - \X2\7F0E5149\X0\',0.627450980392157,0.627450980392157,
0.627450980392157);
#4797=COLOUR_RGB('\X2\94F6\X0\ - \X2\629B5149\X0\',0.984313725490196,0.980392156862745,
0.96078431372549);
ENDSEC;
END-ISO-10303-21;
